jegyzes_nap,piac,termek,tipus,szallitas_kezdete,szallitas_vege,ar
2026-01-05,Villamos,2026. IV. negyedév,Zsinór,2026-10-01,2026-12-31,115.0
2026-01-05,Villamos,2027. év,Zsinór,2027-01-01,2027-12-31,100.0
2026-01-05,Villamos,2028. év,Zsinór,2028-01-01,2028-12-31,95.15
2026-01-05,Villamos,2029. év,Zsinór,2029-01-01,2029-12-31,91.25
2026-01-06,Villamos,2026. IV. negyedév,Zsinór,2026-10-01,2026-12-31,115.2
2026-01-06,Villamos,2027. év,Zsinór,2027-01-01,2027-12-31,100.2
2026-01-06,Villamos,2028. év,Zsinór,2028-01-01,2028-12-31,94.6
2026-01-06,Villamos,2029. év,Zsinór,2029-01-01,2029-12-31,94.0
2026-01-07,Villamos,2026. IV. negyedév,Zsinór,2026-10-01,2026-12-31,117.0
2026-01-07,Villamos,2027. év,Zsinór,2027-01-01,2027-12-31,100.5
2026-01-07,Villamos,2028. év,Zsinór,2028-01-01,2028-12-31,94.5
2026-01-07,Villamos,2029. év,Zsinór,2029-01-01,2029-12-31,92.25
2026-01-08,Villamos,2026. IV. negyedév,Zsinór,2026-10-01,2026-12-31,114.75
2026-01-08,Villamos,2027. év,Zsinór,2027-01-01,2027-12-31,100.0
2026-01-08,Villamos,2028. év,Zsinór,2028-01-01,2028-12-31,94.25
2026-01-08,Villamos,2029. év,Zsinór,2029-01-01,2029-12-31,92.5
2026-01-09,Villamos,2026. IV. negyedév,Zsinór,2026-10-01,2026-12-31,114.25
2026-01-09,Villamos,2027. év,Zsinór,2027-01-01,2027-12-31,99.75
2026-01-09,Villamos,2028. év,Zsinór,2028-01-01,2028-12-31,93.4
2026-01-09,Villamos,2029. év,Zsinór,2029-01-01,2029-12-31,92.0
2026-01-12,Villamos,2026. IV. negyedév,Zsinór,2026-10-01,2026-12-31,116.85
2026-01-12,Villamos,2027. év,Zsinór,2027-01-01,2027-12-31,101.0
2026-01-12,Villamos,2028. év,Zsinór,2028-01-01,2028-12-31,94.5
2026-01-12,Villamos,2029. év,Zsinór,2029-01-01,2029-12-31,95.0
2026-01-13,Villamos,2026. IV. negyedév,Zsinór,2026-10-01,2026-12-31,117.35
2026-01-13,Villamos,2027. év,Zsinór,2027-01-01,2027-12-31,102.0
2026-01-13,Villamos,2028. év,Zsinór,2028-01-01,2028-12-31,95.0
2026-01-13,Villamos,2029. év,Zsinór,2029-01-01,2029-12-31,94.5
2026-01-14,Villamos,2026. IV. negyedév,Zsinór,2026-10-01,2026-12-31,118.85
2026-01-14,Villamos,2027. év,Zsinór,2027-01-01,2027-12-31,104.25
2026-01-14,Villamos,2028. év,Zsinór,2028-01-01,2028-12-31,96.25
2026-01-14,Villamos,2029. év,Zsinór,2029-01-01,2029-12-31,94.9
2026-01-15,Villamos,2026. IV. negyedév,Zsinór,2026-10-01,2026-12-31,122.0
2026-01-15,Villamos,2027. év,Zsinór,2027-01-01,2027-12-31,105.25
2026-01-15,Villamos,2028. év,Zsinór,2028-01-01,2028-12-31,97.25
2026-01-15,Villamos,2029. év,Zsinór,2029-01-01,2029-12-31,93.5
2026-01-16,Villamos,2026. IV. negyedév,Zsinór,2026-10-01,2026-12-31,124.0
2026-01-16,Villamos,2027. év,Zsinór,2027-01-01,2027-12-31,105.5
2026-01-16,Villamos,2028. év,Zsinór,2028-01-01,2028-12-31,97.25
2026-01-16,Villamos,2029. év,Zsinór,2029-01-01,2029-12-31,93.5
2026-01-19,Villamos,2026. IV. negyedév,Zsinór,2026-10-01,2026-12-31,120.75
2026-01-19,Villamos,2027. év,Zsinór,2027-01-01,2027-12-31,102.75
2026-01-19,Villamos,2028. év,Zsinór,2028-01-01,2028-12-31,95.5
2026-01-19,Villamos,2029. év,Zsinór,2029-01-01,2029-12-31,91.5
2026-01-20,Villamos,2026. IV. negyedév,Zsinór,2026-10-01,2026-12-31,120.25
2026-01-20,Villamos,2027. év,Zsinór,2027-01-01,2027-12-31,102.35
2026-01-20,Villamos,2028. év,Zsinór,2028-01-01,2028-12-31,96.5
2026-01-20,Villamos,2029. év,Zsinór,2029-01-01,2029-12-31,91.0
2026-01-21,Villamos,2026. IV. negyedév,Zsinór,2026-10-01,2026-12-31,120.5
2026-01-21,Villamos,2027. év,Zsinór,2027-01-01,2027-12-31,103.0
2026-01-21,Villamos,2028. év,Zsinór,2028-01-01,2028-12-31,95.0
2026-01-21,Villamos,2029. év,Zsinór,2029-01-01,2029-12-31,92.0
2026-01-22,Villamos,2026. IV. negyedév,Zsinór,2026-10-01,2026-12-31,124.0
2026-01-22,Villamos,2027. év,Zsinór,2027-01-01,2027-12-31,105.0
2026-01-22,Villamos,2028. év,Zsinór,2028-01-01,2028-12-31,96.0
2026-01-22,Villamos,2029. év,Zsinór,2029-01-01,2029-12-31,92.0
2026-01-23,Villamos,2026. IV. negyedév,Zsinór,2026-10-01,2026-12-31,123.5
2026-01-23,Villamos,2027. év,Zsinór,2027-01-01,2027-12-31,104.0
2026-01-23,Villamos,2028. év,Zsinór,2028-01-01,2028-12-31,95.0
2026-01-23,Villamos,2029. év,Zsinór,2029-01-01,2029-12-31,90.0
2026-01-26,Villamos,2026. IV. negyedév,Zsinór,2026-10-01,2026-12-31,122.5
2026-01-26,Villamos,2027. év,Zsinór,2027-01-01,2027-12-31,103.5
2026-01-26,Villamos,2028. év,Zsinór,2028-01-01,2028-12-31,94.5
2026-01-26,Villamos,2029. év,Zsinór,2029-01-01,2029-12-31,91.0
2026-01-27,Villamos,2026. IV. negyedév,Zsinór,2026-10-01,2026-12-31,121.0
2026-01-27,Villamos,2027. év,Zsinór,2027-01-01,2027-12-31,102.5
2026-01-27,Villamos,2028. év,Zsinór,2028-01-01,2028-12-31,94.25
2026-01-27,Villamos,2029. év,Zsinór,2029-01-01,2029-12-31,90.5
2026-01-28,Villamos,2026. IV. negyedév,Zsinór,2026-10-01,2026-12-31,121.5
2026-01-28,Villamos,2027. év,Zsinór,2027-01-01,2027-12-31,102.2
2026-01-28,Villamos,2028. év,Zsinór,2028-01-01,2028-12-31,93.5
2026-01-28,Villamos,2029. év,Zsinór,2029-01-01,2029-12-31,90.25
2026-01-29,Villamos,2026. IV. negyedév,Zsinór,2026-10-01,2026-12-31,121.5
2026-01-29,Villamos,2027. év,Zsinór,2027-01-01,2027-12-31,101.5
2026-01-29,Villamos,2028. év,Zsinór,2028-01-01,2028-12-31,93.5
2026-01-29,Villamos,2029. év,Zsinór,2029-01-01,2029-12-31,89.0
2026-01-30,Villamos,2026. IV. negyedév,Zsinór,2026-10-01,2026-12-31,122.5
2026-01-30,Villamos,2027. év,Zsinór,2027-01-01,2027-12-31,102.5
2026-01-30,Villamos,2028. év,Zsinór,2028-01-01,2028-12-31,93.5
2026-01-30,Villamos,2029. év,Zsinór,2029-01-01,2029-12-31,90.0
2026-02-02,Villamos,2026. IV. negyedév,Zsinór,2026-10-01,2026-12-31,120.5
2026-02-02,Villamos,2027. év,Zsinór,2027-01-01,2027-12-31,100.9
2026-02-02,Villamos,2028. év,Zsinór,2028-01-01,2028-12-31,92.5
2026-02-02,Villamos,2029. év,Zsinór,2029-01-01,2029-12-31,88.0
2026-02-03,Villamos,2026. IV. negyedév,Zsinór,2026-10-01,2026-12-31,121.25
2026-02-03,Villamos,2027. év,Zsinór,2027-01-01,2027-12-31,100.9
2026-02-03,Villamos,2028. év,Zsinór,2028-01-01,2028-12-31,92.5
2026-02-03,Villamos,2029. év,Zsinór,2029-01-01,2029-12-31,89.0
2026-02-04,Villamos,2026. IV. negyedév,Zsinór,2026-10-01,2026-12-31,120.5
2026-02-04,Villamos,2027. év,Zsinór,2027-01-01,2027-12-31,100.2
2026-02-04,Villamos,2028. év,Zsinór,2028-01-01,2028-12-31,92.1
2026-02-04,Villamos,2029. év,Zsinór,2029-01-01,2029-12-31,87.5
2026-02-05,Villamos,2026. IV. negyedév,Zsinór,2026-10-01,2026-12-31,119.75
2026-02-05,Villamos,2027. év,Zsinór,2027-01-01,2027-12-31,100.6
2026-02-05,Villamos,2028. év,Zsinór,2028-01-01,2028-12-31,91.8
2026-02-05,Villamos,2029. év,Zsinór,2029-01-01,2029-12-31,87.3
2026-02-06,Villamos,2026. IV. negyedév,Zsinór,2026-10-01,2026-12-31,117.6
2026-02-06,Villamos,2027. év,Zsinór,2027-01-01,2027-12-31,99.2
2026-02-06,Villamos,2028. év,Zsinór,2028-01-01,2028-12-31,89.75
2026-02-06,Villamos,2029. év,Zsinór,2029-01-01,2029-12-31,85.25
2026-02-09,Villamos,2026. IV. negyedév,Zsinór,2026-10-01,2026-12-31,119.5
2026-02-09,Villamos,2027. év,Zsinór,2027-01-01,2027-12-31,100.25
2026-02-09,Villamos,2028. év,Zsinór,2028-01-01,2028-12-31,91.5
2026-02-09,Villamos,2029. év,Zsinór,2029-01-01,2029-12-31,85.75
2026-02-10,Villamos,2026. IV. negyedév,Zsinór,2026-10-01,2026-12-31,119.5
2026-02-10,Villamos,2027. év,Zsinór,2027-01-01,2027-12-31,100.25
2026-02-10,Villamos,2028. év,Zsinór,2028-01-01,2028-12-31,91.25
2026-02-10,Villamos,2029. év,Zsinór,2029-01-01,2029-12-31,85.75
2026-02-11,Villamos,2026. IV. negyedév,Zsinór,2026-10-01,2026-12-31,117.75
2026-02-11,Villamos,2027. év,Zsinór,2027-01-01,2027-12-31,99.75
2026-02-11,Villamos,2028. év,Zsinór,2028-01-01,2028-12-31,90.25
2026-02-11,Villamos,2029. év,Zsinór,2029-01-01,2029-12-31,85.25
2026-02-12,Villamos,2026. IV. negyedév,Zsinór,2026-10-01,2026-12-31,115.25
2026-02-12,Villamos,2027. év,Zsinór,2027-01-01,2027-12-31,97.0
2026-02-12,Villamos,2028. év,Zsinór,2028-01-01,2028-12-31,87.9
2026-02-12,Villamos,2029. év,Zsinór,2029-01-01,2029-12-31,85.0
2026-02-13,Villamos,2026. IV. negyedév,Zsinór,2026-10-01,2026-12-31,113.85
2026-02-13,Villamos,2027. év,Zsinór,2027-01-01,2027-12-31,94.1
2026-02-13,Villamos,2028. év,Zsinór,2028-01-01,2028-12-31,85.9
2026-02-13,Villamos,2029. év,Zsinór,2029-01-01,2029-12-31,82.75
2026-02-16,Villamos,2026. IV. negyedév,Zsinór,2026-10-01,2026-12-31,113.5
2026-02-16,Villamos,2027. év,Zsinór,2027-01-01,2027-12-31,94.25
2026-02-16,Villamos,2028. év,Zsinór,2028-01-01,2028-12-31,86.5
2026-02-16,Villamos,2029. év,Zsinór,2029-01-01,2029-12-31,84.0
2026-02-18,Villamos,2026. IV. negyedév,Zsinór,2026-10-01,2026-12-31,114.3
2026-02-18,Villamos,2027. év,Zsinór,2027-01-01,2027-12-31,95.0
2026-02-18,Villamos,2028. év,Zsinór,2028-01-01,2028-12-31,87.4
2026-02-18,Villamos,2029. év,Zsinór,2029-01-01,2029-12-31,84.0
2026-02-19,Villamos,2026. IV. negyedév,Zsinór,2026-10-01,2026-12-31,120.0
2026-02-19,Villamos,2027. év,Zsinór,2027-01-01,2027-12-31,99.5
2026-02-19,Villamos,2028. év,Zsinór,2028-01-01,2028-12-31,90.4
2026-02-19,Villamos,2029. év,Zsinór,2029-01-01,2029-12-31,87.0
2026-02-20,Villamos,2026. IV. negyedév,Zsinór,2026-10-01,2026-12-31,119.0
2026-02-20,Villamos,2027. év,Zsinór,2027-01-01,2027-12-31,99.5
2026-02-20,Villamos,2028. év,Zsinór,2028-01-01,2028-12-31,90.25
2026-02-20,Villamos,2029. év,Zsinór,2029-01-01,2029-12-31,86.75
2026-02-23,Villamos,2026. IV. negyedév,Zsinór,2026-10-01,2026-12-31,116.5
2026-02-23,Villamos,2027. év,Zsinór,2027-01-01,2027-12-31,97.75
2026-02-23,Villamos,2028. év,Zsinór,2028-01-01,2028-12-31,86.6
2026-02-23,Villamos,2029. év,Zsinór,2029-01-01,2029-12-31,86.15
2026-02-24,Villamos,2026. IV. negyedév,Zsinór,2026-10-01,2026-12-31,114.4
2026-02-24,Villamos,2027. év,Zsinór,2027-01-01,2027-12-31,97.0
2026-02-24,Villamos,2028. év,Zsinór,2028-01-01,2028-12-31,88.1
2026-02-24,Villamos,2029. év,Zsinór,2029-01-01,2029-12-31,86.0
2026-02-25,Villamos,2026. IV. negyedév,Zsinór,2026-10-01,2026-12-31,115.0
2026-02-25,Villamos,2027. év,Zsinór,2027-01-01,2027-12-31,96.95
2026-02-25,Villamos,2028. év,Zsinór,2028-01-01,2028-12-31,88.95
2026-02-25,Villamos,2029. év,Zsinór,2029-01-01,2029-12-31,85.5
2026-02-26,Villamos,2026. IV. negyedév,Zsinór,2026-10-01,2026-12-31,113.2
2026-02-26,Villamos,2027. év,Zsinór,2027-01-01,2027-12-31,95.0
2026-02-26,Villamos,2028. év,Zsinór,2028-01-01,2028-12-31,88.25
2026-02-26,Villamos,2029. év,Zsinór,2029-01-01,2029-12-31,85.0
2026-02-27,Villamos,2026. IV. negyedév,Zsinór,2026-10-01,2026-12-31,117.8
2026-02-27,Villamos,2027. év,Zsinór,2027-01-01,2027-12-31,97.1
2026-02-27,Villamos,2028. év,Zsinór,2028-01-01,2028-12-31,88.5
2026-02-27,Villamos,2029. év,Zsinór,2029-01-01,2029-12-31,85.2
2026-03-02,Villamos,2026. IV. negyedév,Zsinór,2026-10-01,2026-12-31,127.5
2026-03-02,Villamos,2027. év,Zsinór,2027-01-01,2027-12-31,100.5
2026-03-02,Villamos,2028. év,Zsinór,2028-01-01,2028-12-31,90.5
2026-03-02,Villamos,2029. év,Zsinór,2029-01-01,2029-12-31,87.0
2026-03-03,Villamos,2026. IV. negyedév,Zsinór,2026-10-01,2026-12-31,144.0
2026-03-03,Villamos,2027. év,Zsinór,2027-01-01,2027-12-31,108.0
2026-03-03,Villamos,2028. év,Zsinór,2028-01-01,2028-12-31,93.5
2026-03-03,Villamos,2029. év,Zsinór,2029-01-01,2029-12-31,89.5
2026-03-04,Villamos,2026. IV. negyedév,Zsinór,2026-10-01,2026-12-31,134.75
2026-03-04,Villamos,2027. év,Zsinór,2027-01-01,2027-12-31,104.5
2026-03-04,Villamos,2028. év,Zsinór,2028-01-01,2028-12-31,89.75
2026-03-04,Villamos,2029. év,Zsinór,2029-01-01,2029-12-31,86.85
2026-03-05,Villamos,2026. IV. negyedév,Zsinór,2026-10-01,2026-12-31,135.5
2026-03-05,Villamos,2027. év,Zsinór,2027-01-01,2027-12-31,105.75
2026-03-05,Villamos,2028. év,Zsinór,2028-01-01,2028-12-31,90.5
2026-03-05,Villamos,2029. év,Zsinór,2029-01-01,2029-12-31,86.5
2026-03-06,Villamos,2026. IV. negyedév,Zsinór,2026-10-01,2026-12-31,142.5
2026-03-06,Villamos,2027. év,Zsinór,2027-01-01,2027-12-31,110.0
2026-03-06,Villamos,2028. év,Zsinór,2028-01-01,2028-12-31,91.5
2026-03-06,Villamos,2029. év,Zsinór,2029-01-01,2029-12-31,88.75
2026-03-09,Villamos,2026. IV. negyedév,Zsinór,2026-10-01,2026-12-31,156.0
2026-03-09,Villamos,2027. év,Zsinór,2027-01-01,2027-12-31,117.75
2026-03-09,Villamos,2028. év,Zsinór,2028-01-01,2028-12-31,93.25
2026-03-09,Villamos,2029. év,Zsinór,2029-01-01,2029-12-31,89.9
2026-03-10,Villamos,2026. IV. negyedév,Zsinór,2026-10-01,2026-12-31,144.0
2026-03-10,Villamos,2027. év,Zsinór,2027-01-01,2027-12-31,112.25
2026-03-10,Villamos,2028. év,Zsinór,2028-01-01,2028-12-31,93.2
2026-03-10,Villamos,2029. év,Zsinór,2029-01-01,2029-12-31,89.3
2026-03-11,Villamos,2026. IV. negyedév,Zsinór,2026-10-01,2026-12-31,142.9
2026-03-11,Villamos,2027. év,Zsinór,2027-01-01,2027-12-31,112.7
2026-03-11,Villamos,2028. év,Zsinór,2028-01-01,2028-12-31,92.0
2026-03-11,Villamos,2029. év,Zsinór,2029-01-01,2029-12-31,88.9
2026-03-12,Villamos,2026. IV. negyedév,Zsinór,2026-10-01,2026-12-31,150.2
2026-03-12,Villamos,2027. év,Zsinór,2027-01-01,2027-12-31,113.0
2026-03-12,Villamos,2028. év,Zsinór,2028-01-01,2028-12-31,91.9
2026-03-12,Villamos,2029. év,Zsinór,2029-01-01,2029-12-31,86.5
2026-03-13,Villamos,2026. IV. negyedév,Zsinór,2026-10-01,2026-12-31,147.75
2026-03-13,Villamos,2027. év,Zsinór,2027-01-01,2027-12-31,111.0
2026-03-13,Villamos,2028. év,Zsinór,2028-01-01,2028-12-31,90.0
2026-03-13,Villamos,2029. év,Zsinór,2029-01-01,2029-12-31,85.5
2026-03-16,Villamos,2026. IV. negyedév,Zsinór,2026-10-01,2026-12-31,150.5
2026-03-16,Villamos,2027. év,Zsinór,2027-01-01,2027-12-31,112.65
2026-03-16,Villamos,2028. év,Zsinór,2028-01-01,2028-12-31,91.5
2026-03-16,Villamos,2029. év,Zsinór,2029-01-01,2029-12-31,85.35
2026-03-17,Villamos,2026. IV. negyedév,Zsinór,2026-10-01,2026-12-31,150.0
2026-03-17,Villamos,2027. év,Zsinór,2027-01-01,2027-12-31,111.5
2026-03-17,Villamos,2028. év,Zsinór,2028-01-01,2028-12-31,92.4
2026-03-17,Villamos,2029. év,Zsinór,2029-01-01,2029-12-31,85.8
2026-03-18,Villamos,2026. IV. negyedév,Zsinór,2026-10-01,2026-12-31,152.0
2026-03-18,Villamos,2027. év,Zsinór,2027-01-01,2027-12-31,113.4
2026-03-18,Villamos,2028. év,Zsinór,2028-01-01,2028-12-31,93.0
2026-03-18,Villamos,2029. év,Zsinór,2029-01-01,2029-12-31,85.0
2026-03-19,Villamos,2026. IV. negyedév,Zsinór,2026-10-01,2026-12-31,169.75
2026-03-19,Villamos,2027. év,Zsinór,2027-01-01,2027-12-31,120.0
2026-03-19,Villamos,2028. év,Zsinór,2028-01-01,2028-12-31,93.0
2026-03-19,Villamos,2029. év,Zsinór,2029-01-01,2029-12-31,86.5
2026-03-20,Villamos,2026. IV. negyedév,Zsinór,2026-10-01,2026-12-31,166.0
2026-03-20,Villamos,2027. év,Zsinór,2027-01-01,2027-12-31,120.25
2026-03-20,Villamos,2028. év,Zsinór,2028-01-01,2028-12-31,95.25
2026-03-20,Villamos,2029. év,Zsinór,2029-01-01,2029-12-31,88.0
2026-03-23,Villamos,2026. IV. negyedév,Zsinór,2026-10-01,2026-12-31,159.25
2026-03-23,Villamos,2027. év,Zsinór,2027-01-01,2027-12-31,118.0
2026-03-23,Villamos,2028. év,Zsinór,2028-01-01,2028-12-31,96.75
2026-03-23,Villamos,2029. év,Zsinór,2029-01-01,2029-12-31,89.0
2026-03-24,Villamos,2026. IV. negyedév,Zsinór,2026-10-01,2026-12-31,159.0
2026-03-24,Villamos,2027. év,Zsinór,2027-01-01,2027-12-31,118.0
2026-03-24,Villamos,2028. év,Zsinór,2028-01-01,2028-12-31,96.75
2026-03-24,Villamos,2029. év,Zsinór,2029-01-01,2029-12-31,89.0
2026-03-25,Villamos,2026. IV. negyedév,Zsinór,2026-10-01,2026-12-31,154.6
2026-03-25,Villamos,2027. év,Zsinór,2027-01-01,2027-12-31,115.9
2026-03-25,Villamos,2028. év,Zsinór,2028-01-01,2028-12-31,97.3
2026-03-25,Villamos,2029. év,Zsinór,2029-01-01,2029-12-31,90.5
2026-03-26,Villamos,2026. IV. negyedév,Zsinór,2026-10-01,2026-12-31,159.5
2026-03-26,Villamos,2027. év,Zsinór,2027-01-01,2027-12-31,119.2
2026-03-26,Villamos,2028. év,Zsinór,2028-01-01,2028-12-31,97.5
2026-03-26,Villamos,2029. év,Zsinór,2029-01-01,2029-12-31,90.5
2026-03-27,Villamos,2026. IV. negyedév,Zsinór,2026-10-01,2026-12-31,157.5
2026-03-27,Villamos,2027. év,Zsinór,2027-01-01,2027-12-31,118.5
2026-03-27,Villamos,2028. év,Zsinór,2028-01-01,2028-12-31,96.2
2026-03-27,Villamos,2029. év,Zsinór,2029-01-01,2029-12-31,89.95
2026-03-30,Villamos,2026. IV. negyedév,Zsinór,2026-10-01,2026-12-31,156.5
2026-03-30,Villamos,2027. év,Zsinór,2027-01-01,2027-12-31,120.0
2026-03-30,Villamos,2028. év,Zsinór,2028-01-01,2028-12-31,96.9
2026-03-30,Villamos,2029. év,Zsinór,2029-01-01,2029-12-31,92.25
2026-03-31,Villamos,2026. IV. negyedév,Zsinór,2026-10-01,2026-12-31,153.0
2026-03-31,Villamos,2027. év,Zsinór,2027-01-01,2027-12-31,117.25
2026-03-31,Villamos,2028. év,Zsinór,2028-01-01,2028-12-31,96.5
2026-03-31,Villamos,2029. év,Zsinór,2029-01-01,2029-12-31,91.25
2026-04-01,Villamos,2026. IV. negyedév,Zsinór,2026-10-01,2026-12-31,147.0
2026-04-01,Villamos,2027. év,Zsinór,2027-01-01,2027-12-31,114.75
2026-04-01,Villamos,2028. év,Zsinór,2028-01-01,2028-12-31,95.5
2026-04-01,Villamos,2029. év,Zsinór,2029-01-01,2029-12-31,91.5
2026-04-02,Villamos,2026. IV. negyedév,Zsinór,2026-10-01,2026-12-31,146.75
2026-04-02,Villamos,2027. I. negyedév,Zsinór,2027-01-01,2027-03-31,140.75
2026-04-02,Villamos,2027. év,Zsinór,2027-01-01,2027-12-31,115.5
2026-04-02,Villamos,2028. év,Zsinór,2028-01-01,2028-12-31,95.15
2026-04-02,Villamos,2029. év,Zsinór,2029-01-01,2029-12-31,89.65
2026-04-07,Villamos,2026. IV. negyedév,Zsinór,2026-10-01,2026-12-31,149.5
2026-04-07,Villamos,2027. I. negyedév,Zsinór,2027-01-01,2027-03-31,143.0
2026-04-07,Villamos,2027. év,Zsinór,2027-01-01,2027-12-31,117.0
2026-04-07,Villamos,2028. év,Zsinór,2028-01-01,2028-12-31,95.8
2026-04-07,Villamos,2029. év,Zsinór,2029-01-01,2029-12-31,90.5
2026-04-08,Villamos,2026. IV. negyedév,Zsinór,2026-10-01,2026-12-31,141.0
2026-04-08,Villamos,2027. I. negyedév,Zsinór,2027-01-01,2027-03-31,134.5
2026-04-08,Villamos,2027. év,Zsinór,2027-01-01,2027-12-31,111.0
2026-04-08,Villamos,2028. év,Zsinór,2028-01-01,2028-12-31,94.5
2026-04-08,Villamos,2029. év,Zsinór,2029-01-01,2029-12-31,90.0
2026-04-09,Villamos,2026. IV. negyedév,Zsinór,2026-10-01,2026-12-31,142.5
2026-04-09,Villamos,2027. I. negyedév,Zsinór,2027-01-01,2027-03-31,138.0
2026-04-09,Villamos,2027. év,Zsinór,2027-01-01,2027-12-31,111.9
2026-04-09,Villamos,2028. év,Zsinór,2028-01-01,2028-12-31,94.75
2026-04-09,Villamos,2029. év,Zsinór,2029-01-01,2029-12-31,90.0
2026-04-10,Villamos,2026. IV. negyedév,Zsinór,2026-10-01,2026-12-31,139.85
2026-04-10,Villamos,2027. I. negyedév,Zsinór,2027-01-01,2027-03-31,135.5
2026-04-10,Villamos,2027. év,Zsinór,2027-01-01,2027-12-31,111.0
2026-04-10,Villamos,2028. év,Zsinór,2028-01-01,2028-12-31,94.5
2026-04-10,Villamos,2029. év,Zsinór,2029-01-01,2029-12-31,91.0
2026-04-13,Villamos,2026. IV. negyedév,Zsinór,2026-10-01,2026-12-31,143.5
2026-04-13,Villamos,2027. I. negyedév,Zsinór,2027-01-01,2027-03-31,139.15
2026-04-13,Villamos,2027. év,Zsinór,2027-01-01,2027-12-31,112.75
2026-04-13,Villamos,2028. év,Zsinór,2028-01-01,2028-12-31,96.0
2026-04-13,Villamos,2029. év,Zsinór,2029-01-01,2029-12-31,91.95
2026-04-14,Villamos,2026. IV. negyedév,Zsinór,2026-10-01,2026-12-31,138.75
2026-04-14,Villamos,2027. I. negyedév,Zsinór,2027-01-01,2027-03-31,132.75
2026-04-14,Villamos,2027. év,Zsinór,2027-01-01,2027-12-31,110.5
2026-04-14,Villamos,2028. év,Zsinór,2028-01-01,2028-12-31,94.75
2026-04-14,Villamos,2029. év,Zsinór,2029-01-01,2029-12-31,89.5
2026-04-15,Villamos,2026. IV. negyedév,Zsinór,2026-10-01,2026-12-31,137.5
2026-04-15,Villamos,2027. I. negyedév,Zsinór,2027-01-01,2027-03-31,131.5
2026-04-15,Villamos,2027. év,Zsinór,2027-01-01,2027-12-31,110.0
2026-04-15,Villamos,2028. év,Zsinór,2028-01-01,2028-12-31,95.5
2026-04-15,Villamos,2029. év,Zsinór,2029-01-01,2029-12-31,89.75
2026-04-16,Villamos,2026. IV. negyedév,Zsinór,2026-10-01,2026-12-31,138.5
2026-04-16,Villamos,2027. I. negyedév,Zsinór,2027-01-01,2027-03-31,132.5
2026-04-16,Villamos,2027. év,Zsinór,2027-01-01,2027-12-31,112.3
2026-04-16,Villamos,2028. év,Zsinór,2028-01-01,2028-12-31,95.8
2026-04-16,Villamos,2029. év,Zsinór,2029-01-01,2029-12-31,89.6
2026-04-17,Villamos,2026. IV. negyedév,Zsinór,2026-10-01,2026-12-31,137.75
2026-04-17,Villamos,2027. I. negyedév,Zsinór,2027-01-01,2027-03-31,132.5
2026-04-17,Villamos,2027. év,Zsinór,2027-01-01,2027-12-31,111.9
2026-04-17,Villamos,2028. év,Zsinór,2028-01-01,2028-12-31,96.5
2026-04-17,Villamos,2029. év,Zsinór,2029-01-01,2029-12-31,90.0
2026-04-20,Villamos,2026. IV. negyedév,Zsinór,2026-10-01,2026-12-31,133.5
2026-04-20,Villamos,2027. I. negyedév,Zsinór,2027-01-01,2027-03-31,130.75
2026-04-20,Villamos,2027. év,Zsinór,2027-01-01,2027-12-31,109.5
2026-04-20,Villamos,2028. év,Zsinór,2028-01-01,2028-12-31,95.5
2026-04-20,Villamos,2029. év,Zsinór,2029-01-01,2029-12-31,90.0
2026-04-21,Villamos,2026. IV. negyedév,Zsinór,2026-10-01,2026-12-31,134.5
2026-04-21,Villamos,2027. I. negyedév,Zsinór,2027-01-01,2027-03-31,131.0
2026-04-21,Villamos,2027. év,Zsinór,2027-01-01,2027-12-31,111.5
2026-04-21,Villamos,2028. év,Zsinór,2028-01-01,2028-12-31,96.2
2026-04-21,Villamos,2029. év,Zsinór,2029-01-01,2029-12-31,89.8
2026-04-22,Villamos,2026. IV. negyedév,Zsinór,2026-10-01,2026-12-31,136.75
2026-04-22,Villamos,2027. I. negyedév,Zsinór,2027-01-01,2027-03-31,133.0
2026-04-22,Villamos,2027. év,Zsinór,2027-01-01,2027-12-31,112.5
2026-04-22,Villamos,2028. év,Zsinór,2028-01-01,2028-12-31,97.0
2026-04-22,Villamos,2029. év,Zsinór,2029-01-01,2029-12-31,88.5
2026-04-23,Villamos,2026. IV. negyedév,Zsinór,2026-10-01,2026-12-31,139.5
2026-04-23,Villamos,2027. I. negyedév,Zsinór,2027-01-01,2027-03-31,133.5
2026-04-23,Villamos,2027. év,Zsinór,2027-01-01,2027-12-31,113.5
2026-04-23,Villamos,2028. év,Zsinór,2028-01-01,2028-12-31,96.75
2026-04-23,Villamos,2029. év,Zsinór,2029-01-01,2029-12-31,88.25
2026-04-24,Villamos,2026. IV. negyedév,Zsinór,2026-10-01,2026-12-31,139.2
2026-04-24,Villamos,2027. I. negyedév,Zsinór,2027-01-01,2027-03-31,133.5
2026-04-24,Villamos,2027. év,Zsinór,2027-01-01,2027-12-31,114.4
2026-04-24,Villamos,2028. év,Zsinór,2028-01-01,2028-12-31,97.5
2026-04-24,Villamos,2029. év,Zsinór,2029-01-01,2029-12-31,89.0
2026-04-27,Villamos,2026. IV. negyedév,Zsinór,2026-10-01,2026-12-31,138.0
2026-04-27,Villamos,2027. I. negyedév,Zsinór,2027-01-01,2027-03-31,132.5
2026-04-27,Villamos,2027. év,Zsinór,2027-01-01,2027-12-31,113.25
2026-04-27,Villamos,2028. év,Zsinór,2028-01-01,2028-12-31,97.25
2026-04-27,Villamos,2029. év,Zsinór,2029-01-01,2029-12-31,89.0
2026-04-28,Villamos,2026. IV. negyedév,Zsinór,2026-10-01,2026-12-31,140.0
2026-04-28,Villamos,2027. I. negyedév,Zsinór,2027-01-01,2027-03-31,134.3
2026-04-28,Villamos,2027. év,Zsinór,2027-01-01,2027-12-31,114.0
2026-04-28,Villamos,2028. év,Zsinór,2028-01-01,2028-12-31,98.45
2026-04-28,Villamos,2029. év,Zsinór,2029-01-01,2029-12-31,89.05
2026-04-29,Villamos,2026. IV. negyedév,Zsinór,2026-10-01,2026-12-31,139.25
2026-04-29,Villamos,2027. I. negyedév,Zsinór,2027-01-01,2027-03-31,134.5
2026-04-29,Villamos,2027. év,Zsinór,2027-01-01,2027-12-31,113.75
2026-04-29,Villamos,2028. év,Zsinór,2028-01-01,2028-12-31,97.5
2026-04-29,Villamos,2029. év,Zsinór,2029-01-01,2029-12-31,88.25
2026-04-30,Villamos,2026. IV. negyedév,Zsinór,2026-10-01,2026-12-31,141.0
2026-04-30,Villamos,2027. I. negyedév,Zsinór,2027-01-01,2027-03-31,136.5
2026-04-30,Villamos,2027. év,Zsinór,2027-01-01,2027-12-31,115.5
2026-04-30,Villamos,2028. év,Zsinór,2028-01-01,2028-12-31,98.0
2026-04-30,Villamos,2029. év,Zsinór,2029-01-01,2029-12-31,87.5
2026-05-04,Villamos,2026. IV. negyedév,Zsinór,2026-10-01,2026-12-31,142.0
2026-05-04,Villamos,2027. I. negyedév,Zsinór,2027-01-01,2027-03-31,139.75
2026-05-04,Villamos,2027. év,Zsinór,2027-01-01,2027-12-31,115.0
2026-05-04,Villamos,2028. év,Zsinór,2028-01-01,2028-12-31,98.5
2026-05-04,Villamos,2029. év,Zsinór,2029-01-01,2029-12-31,88.25
2026-05-05,Villamos,2026. IV. negyedév,Zsinór,2026-10-01,2026-12-31,146.0
2026-05-05,Villamos,2027. I. negyedév,Zsinór,2027-01-01,2027-03-31,141.35
2026-05-05,Villamos,2027. év,Zsinór,2027-01-01,2027-12-31,116.5
2026-05-05,Villamos,2028. év,Zsinór,2028-01-01,2028-12-31,98.0
2026-05-05,Villamos,2029. év,Zsinór,2029-01-01,2029-12-31,85.75
2026-05-06,Villamos,2026. IV. negyedév,Zsinór,2026-10-01,2026-12-31,136.0
2026-05-06,Villamos,2027. I. negyedév,Zsinór,2027-01-01,2027-03-31,132.0
2026-05-06,Villamos,2027. év,Zsinór,2027-01-01,2027-12-31,112.5
2026-05-06,Villamos,2028. év,Zsinór,2028-01-01,2028-12-31,97.0
2026-05-06,Villamos,2029. év,Zsinór,2029-01-01,2029-12-31,88.0
2026-05-07,Villamos,2026. IV. negyedév,Zsinór,2026-10-01,2026-12-31,138.0
2026-05-07,Villamos,2027. I. negyedév,Zsinór,2027-01-01,2027-03-31,133.5
2026-05-07,Villamos,2027. év,Zsinór,2027-01-01,2027-12-31,113.0
2026-05-07,Villamos,2028. év,Zsinór,2028-01-01,2028-12-31,96.5
2026-05-07,Villamos,2029. év,Zsinór,2029-01-01,2029-12-31,88.75
2026-05-08,Villamos,2026. IV. negyedév,Zsinór,2026-10-01,2026-12-31,140.5
2026-05-08,Villamos,2027. I. negyedév,Zsinór,2027-01-01,2027-03-31,135.0
2026-05-08,Villamos,2027. év,Zsinór,2027-01-01,2027-12-31,113.75
2026-05-08,Villamos,2028. év,Zsinór,2028-01-01,2028-12-31,97.0
2026-05-08,Villamos,2029. év,Zsinór,2029-01-01,2029-12-31,88.1
2026-05-11,Villamos,2026. IV. negyedév,Zsinór,2026-10-01,2026-12-31,142.75
2026-05-11,Villamos,2027. I. negyedév,Zsinór,2027-01-01,2027-03-31,136.5
2026-05-11,Villamos,2027. év,Zsinór,2027-01-01,2027-12-31,115.0
2026-05-11,Villamos,2028. év,Zsinór,2028-01-01,2028-12-31,98.0
2026-05-11,Villamos,2029. év,Zsinór,2029-01-01,2029-12-31,88.75
2026-05-12,Villamos,2026. IV. negyedév,Zsinór,2026-10-01,2026-12-31,144.5
2026-05-12,Villamos,2027. I. negyedév,Zsinór,2027-01-01,2027-03-31,137.0
2026-05-12,Villamos,2027. év,Zsinór,2027-01-01,2027-12-31,114.5
2026-05-12,Villamos,2028. év,Zsinór,2028-01-01,2028-12-31,97.5
2026-05-12,Villamos,2029. év,Zsinór,2029-01-01,2029-12-31,88.5
2026-05-13,Villamos,2026. IV. negyedév,Zsinór,2026-10-01,2026-12-31,142.5
2026-05-13,Villamos,2027. I. negyedév,Zsinór,2027-01-01,2027-03-31,136.0
2026-05-13,Villamos,2027. év,Zsinór,2027-01-01,2027-12-31,114.0
2026-05-13,Villamos,2028. év,Zsinór,2028-01-01,2028-12-31,97.25
2026-05-13,Villamos,2029. év,Zsinór,2029-01-01,2029-12-31,87.75
2026-05-14,Villamos,2026. IV. negyedév,Zsinór,2026-10-01,2026-12-31,143.5
2026-05-14,Villamos,2027. I. negyedév,Zsinór,2027-01-01,2027-03-31,137.0
2026-05-14,Villamos,2027. év,Zsinór,2027-01-01,2027-12-31,114.0
2026-05-14,Villamos,2028. év,Zsinór,2028-01-01,2028-12-31,98.0
2026-05-14,Villamos,2029. év,Zsinór,2029-01-01,2029-12-31,87.5
2026-05-15,Villamos,2026. IV. negyedév,Zsinór,2026-10-01,2026-12-31,145.5
2026-05-15,Villamos,2027. I. negyedév,Zsinór,2027-01-01,2027-03-31,137.5
2026-05-15,Villamos,2027. év,Zsinór,2027-01-01,2027-12-31,114.5
2026-05-15,Villamos,2028. év,Zsinór,2028-01-01,2028-12-31,97.5
2026-05-15,Villamos,2029. év,Zsinór,2029-01-01,2029-12-31,88.5
2026-05-18,Villamos,2026. IV. negyedév,Zsinór,2026-10-01,2026-12-31,149.1
2026-05-18,Villamos,2027. I. negyedév,Zsinór,2027-01-01,2027-03-31,141.0
2026-05-18,Villamos,2027. év,Zsinór,2027-01-01,2027-12-31,116.2
2026-05-18,Villamos,2028. év,Zsinór,2028-01-01,2028-12-31,98.5
2026-05-18,Villamos,2029. év,Zsinór,2029-01-01,2029-12-31,89.5
2026-05-19,Villamos,2026. IV. negyedév,Zsinór,2026-10-01,2026-12-31,149.0
2026-05-19,Villamos,2027. I. negyedév,Zsinór,2027-01-01,2027-03-31,140.0
2026-05-19,Villamos,2027. év,Zsinór,2027-01-01,2027-12-31,115.5
2026-05-19,Villamos,2028. év,Zsinór,2028-01-01,2028-12-31,97.5
2026-05-19,Villamos,2029. év,Zsinór,2029-01-01,2029-12-31,89.0
2026-05-20,Villamos,2026. IV. negyedév,Zsinór,2026-10-01,2026-12-31,149.0
2026-05-20,Villamos,2027. I. negyedév,Zsinór,2027-01-01,2027-03-31,140.5
2026-05-20,Villamos,2027. év,Zsinór,2027-01-01,2027-12-31,115.75
2026-05-20,Villamos,2028. év,Zsinór,2028-01-01,2028-12-31,97.5
2026-05-20,Villamos,2029. év,Zsinór,2029-01-01,2029-12-31,89.0
2026-05-21,Villamos,2026. IV. negyedév,Zsinór,2026-10-01,2026-12-31,147.5
2026-05-21,Villamos,2027. I. negyedév,Zsinór,2027-01-01,2027-03-31,139.25
2026-05-21,Villamos,2027. év,Zsinór,2027-01-01,2027-12-31,114.5
2026-05-21,Villamos,2028. év,Zsinór,2028-01-01,2028-12-31,96.25
2026-05-21,Villamos,2029. év,Zsinór,2029-01-01,2029-12-31,88.5
2026-05-22,Villamos,2026. IV. negyedév,Zsinór,2026-10-01,2026-12-31,146.0
2026-05-22,Villamos,2027. I. negyedév,Zsinór,2027-01-01,2027-03-31,137.25
2026-05-22,Villamos,2027. év,Zsinór,2027-01-01,2027-12-31,113.5
2026-05-22,Villamos,2028. év,Zsinór,2028-01-01,2028-12-31,96.5
2026-05-22,Villamos,2029. év,Zsinór,2029-01-01,2029-12-31,88.25
2026-05-26,Villamos,2026. IV. negyedév,Zsinór,2026-10-01,2026-12-31,147.6
2026-05-26,Villamos,2027. I. negyedév,Zsinór,2027-01-01,2027-03-31,137.0
2026-05-26,Villamos,2027. év,Zsinór,2027-01-01,2027-12-31,114.2
2026-05-26,Villamos,2028. év,Zsinór,2028-01-01,2028-12-31,97.5
2026-05-26,Villamos,2029. év,Zsinór,2029-01-01,2029-12-31,89.1
2026-05-27,Villamos,2026. IV. negyedév,Zsinór,2026-10-01,2026-12-31,143.0
2026-05-27,Villamos,2027. I. negyedév,Zsinór,2027-01-01,2027-03-31,135.5
2026-05-27,Villamos,2027. év,Zsinór,2027-01-01,2027-12-31,113.5
2026-05-27,Villamos,2028. év,Zsinór,2028-01-01,2028-12-31,97.0
2026-05-27,Villamos,2029. év,Zsinór,2029-01-01,2029-12-31,88.5
2026-05-28,Villamos,2026. IV. negyedév,Zsinór,2026-10-01,2026-12-31,146.0
2026-05-28,Villamos,2027. I. negyedév,Zsinór,2027-01-01,2027-03-31,138.5
2026-05-28,Villamos,2027. év,Zsinór,2027-01-01,2027-12-31,115.25
2026-05-28,Villamos,2028. év,Zsinór,2028-01-01,2028-12-31,97.75
2026-05-28,Villamos,2029. év,Zsinór,2029-01-01,2029-12-31,89.5
2026-05-29,Villamos,2026. IV. negyedév,Zsinór,2026-10-01,2026-12-31,145.6
2026-05-29,Villamos,2027. I. negyedév,Zsinór,2027-01-01,2027-03-31,139.8
2026-05-29,Villamos,2027. év,Zsinór,2027-01-01,2027-12-31,114.8
2026-05-29,Villamos,2028. év,Zsinór,2028-01-01,2028-12-31,98.5
2026-05-29,Villamos,2029. év,Zsinór,2029-01-01,2029-12-31,90.9
2026-06-01,Villamos,2026. IV. negyedév,Zsinór,2026-10-01,2026-12-31,144.25
2026-06-01,Villamos,2027. I. negyedév,Zsinór,2027-01-01,2027-03-31,138.0
2026-06-01,Villamos,2027. év,Zsinór,2027-01-01,2027-12-31,115.25
2026-06-01,Villamos,2028. év,Zsinór,2028-01-01,2028-12-31,98.0
2026-06-01,Villamos,2029. év,Zsinór,2029-01-01,2029-12-31,84.0
2026-06-02,Villamos,2026. szeptember,Zsinór,2026-09-01,2026-09-30,134.2
2026-06-02,Villamos,2026. IV. negyedév,Zsinór,2026-10-01,2026-12-31,145.5
2026-06-02,Villamos,2027. I. negyedév,Zsinór,2027-01-01,2027-03-31,137.9
2026-06-02,Villamos,2027. év,Zsinór,2027-01-01,2027-12-31,114.4
2026-06-02,Villamos,2028. év,Zsinór,2028-01-01,2028-12-31,98.3
2026-06-02,Villamos,2029. év,Zsinór,2029-01-01,2029-12-31,84.2
2026-06-03,Villamos,2026. szeptember,Zsinór,2026-09-01,2026-09-30,137.7
2026-06-03,Villamos,2026. IV. negyedév,Zsinór,2026-10-01,2026-12-31,149.2
2026-06-03,Villamos,2027. I. negyedév,Zsinór,2027-01-01,2027-03-31,141.2
2026-06-03,Villamos,2027. év,Zsinór,2027-01-01,2027-12-31,116.4
2026-06-03,Villamos,2028. év,Zsinór,2028-01-01,2028-12-31,99.3
2026-06-03,Villamos,2029. év,Zsinór,2029-01-01,2029-12-31,92.2
2026-06-04,Villamos,2026. szeptember,Zsinór,2026-09-01,2026-09-30,137.75
2026-06-04,Villamos,2026. IV. negyedév,Zsinór,2026-10-01,2026-12-31,146.25
2026-06-04,Villamos,2027. I. negyedév,Zsinór,2027-01-01,2027-03-31,140.25
2026-06-04,Villamos,2027. év,Zsinór,2027-01-01,2027-12-31,114.85
2026-06-04,Villamos,2028. év,Zsinór,2028-01-01,2028-12-31,97.75
2026-06-04,Villamos,2029. év,Zsinór,2029-01-01,2029-12-31,91.0
2026-06-05,Villamos,2026. szeptember,Zsinór,2026-09-01,2026-09-30,136.0
2026-06-05,Villamos,2026. IV. negyedév,Zsinór,2026-10-01,2026-12-31,147.0
2026-06-05,Villamos,2027. I. negyedév,Zsinór,2027-01-01,2027-03-31,138.25
2026-06-05,Villamos,2027. év,Zsinór,2027-01-01,2027-12-31,115.0
2026-06-05,Villamos,2028. év,Zsinór,2028-01-01,2028-12-31,97.5
2026-06-05,Villamos,2029. év,Zsinór,2029-01-01,2029-12-31,91.0
2026-06-08,Villamos,2026. szeptember,Zsinór,2026-09-01,2026-09-30,134.6
2026-06-08,Villamos,2026. IV. negyedév,Zsinór,2026-10-01,2026-12-31,148.5
2026-06-08,Villamos,2027. I. negyedév,Zsinór,2027-01-01,2027-03-31,139.4
2026-06-08,Villamos,2027. év,Zsinór,2027-01-01,2027-12-31,115.0
2026-06-08,Villamos,2028. év,Zsinór,2028-01-01,2028-12-31,98.0
2026-06-08,Villamos,2029. év,Zsinór,2029-01-01,2029-12-31,90.0
2026-06-09,Villamos,2026. szeptember,Zsinór,2026-09-01,2026-09-30,133.2
2026-06-09,Villamos,2026. IV. negyedév,Zsinór,2026-10-01,2026-12-31,148.4
2026-06-09,Villamos,2027. I. negyedév,Zsinór,2027-01-01,2027-03-31,139.0
2026-06-09,Villamos,2027. év,Zsinór,2027-01-01,2027-12-31,115.0
2026-06-09,Villamos,2028. év,Zsinór,2028-01-01,2028-12-31,97.2
2026-06-09,Villamos,2029. év,Zsinór,2029-01-01,2029-12-31,89.2
2026-06-10,Villamos,2026. szeptember,Zsinór,2026-09-01,2026-09-30,133.5
2026-06-10,Villamos,2026. IV. negyedév,Zsinór,2026-10-01,2026-12-31,148.25
2026-06-10,Villamos,2027. I. negyedév,Zsinór,2027-01-01,2027-03-31,140.5
2026-06-10,Villamos,2027. év,Zsinór,2027-01-01,2027-12-31,115.0
2026-06-10,Villamos,2028. év,Zsinór,2028-01-01,2028-12-31,98.0
2026-06-10,Villamos,2029. év,Zsinór,2029-01-01,2029-12-31,88.75
2026-06-11,Villamos,2026. szeptember,Zsinór,2026-09-01,2026-09-30,135.0
2026-06-11,Villamos,2026. IV. negyedév,Zsinór,2026-10-01,2026-12-31,149.25
2026-06-11,Villamos,2027. I. negyedév,Zsinór,2027-01-01,2027-03-31,141.0
2026-06-11,Villamos,2027. év,Zsinór,2027-01-01,2027-12-31,115.75
2026-06-11,Villamos,2028. év,Zsinór,2028-01-01,2028-12-31,97.5
2026-06-11,Villamos,2029. év,Zsinór,2029-01-01,2029-12-31,88.5
2026-06-12,Villamos,2026. szeptember,Zsinór,2026-09-01,2026-09-30,129.0
2026-06-12,Villamos,2026. IV. negyedév,Zsinór,2026-10-01,2026-12-31,144.0
2026-06-12,Villamos,2027. I. negyedév,Zsinór,2027-01-01,2027-03-31,141.0
2026-06-12,Villamos,2027. év,Zsinór,2027-01-01,2027-12-31,114.5
2026-06-12,Villamos,2028. év,Zsinór,2028-01-01,2028-12-31,97.5
2026-06-12,Villamos,2029. év,Zsinór,2029-01-01,2029-12-31,89.5
2026-06-15,Villamos,2026. szeptember,Zsinór,2026-09-01,2026-09-30,126.9
2026-06-15,Villamos,2026. IV. negyedév,Zsinór,2026-10-01,2026-12-31,141.5
2026-06-15,Villamos,2027. I. negyedév,Zsinór,2027-01-01,2027-03-31,135.8
2026-06-15,Villamos,2027. év,Zsinór,2027-01-01,2027-12-31,113.2
2026-06-15,Villamos,2028. év,Zsinór,2028-01-01,2028-12-31,96.7
2026-06-15,Villamos,2029. év,Zsinór,2029-01-01,2029-12-31,90.6
2026-06-16,Villamos,2026. szeptember,Zsinór,2026-09-01,2026-09-30,126.0
2026-06-16,Villamos,2026. IV. negyedév,Zsinór,2026-10-01,2026-12-31,140.0
2026-06-16,Villamos,2027. I. negyedév,Zsinór,2027-01-01,2027-03-31,134.0
2026-06-16,Villamos,2027. év,Zsinór,2027-01-01,2027-12-31,112.85
2026-06-16,Villamos,2028. év,Zsinór,2028-01-01,2028-12-31,96.75
2026-06-16,Villamos,2029. év,Zsinór,2029-01-01,2029-12-31,89.35
2026-06-17,Villamos,2026. szeptember,Zsinór,2026-09-01,2026-09-30,131.5
2026-06-17,Villamos,2026. IV. negyedév,Zsinór,2026-10-01,2026-12-31,138.5
2026-06-17,Villamos,2027. I. negyedév,Zsinór,2027-01-01,2027-03-31,133.25
2026-06-17,Villamos,2027. év,Zsinór,2027-01-01,2027-12-31,112.75
2026-06-17,Villamos,2028. év,Zsinór,2028-01-01,2028-12-31,97.1
2026-06-17,Villamos,2029. év,Zsinór,2029-01-01,2029-12-31,89.25
2026-06-18,Villamos,2026. szeptember,Zsinór,2026-09-01,2026-09-30,127.0
2026-06-18,Villamos,2026. IV. negyedév,Zsinór,2026-10-01,2026-12-31,139.0
2026-06-18,Villamos,2027. I. negyedév,Zsinór,2027-01-01,2027-03-31,133.0
2026-06-18,Villamos,2027. év,Zsinór,2027-01-01,2027-12-31,112.25
2026-06-18,Villamos,2028. év,Zsinór,2028-01-01,2028-12-31,97.5
2026-06-18,Villamos,2029. év,Zsinór,2029-01-01,2029-12-31,89.0
2026-06-19,Villamos,2026. szeptember,Zsinór,2026-09-01,2026-09-30,127.0
2026-06-19,Villamos,2026. IV. negyedév,Zsinór,2026-10-01,2026-12-31,140.6
2026-06-19,Villamos,2027. I. negyedév,Zsinór,2027-01-01,2027-03-31,133.0
2026-06-19,Villamos,2027. év,Zsinór,2027-01-01,2027-12-31,112.5
2026-06-19,Villamos,2028. év,Zsinór,2028-01-01,2028-12-31,97.5
2026-06-19,Villamos,2029. év,Zsinór,2029-01-01,2029-12-31,89.0
2026-06-22,Villamos,2026. szeptember,Zsinór,2026-09-01,2026-09-30,131.25
2026-06-22,Villamos,2026. IV. negyedév,Zsinór,2026-10-01,2026-12-31,139.85
2026-06-22,Villamos,2027. I. negyedév,Zsinór,2027-01-01,2027-03-31,133.7
2026-06-22,Villamos,2027. év,Zsinór,2027-01-01,2027-12-31,112.85
2026-06-22,Villamos,2028. év,Zsinór,2028-01-01,2028-12-31,98.5
2026-06-22,Villamos,2029. év,Zsinór,2029-01-01,2029-12-31,91.5
2026-06-23,Villamos,2026. szeptember,Zsinór,2026-09-01,2026-09-30,129.0
2026-06-23,Villamos,2026. IV. negyedév,Zsinór,2026-10-01,2026-12-31,139.5
2026-06-23,Villamos,2027. I. negyedév,Zsinór,2027-01-01,2027-03-31,132.65
2026-06-23,Villamos,2027. év,Zsinór,2027-01-01,2027-12-31,113.0
2026-06-23,Villamos,2028. év,Zsinór,2028-01-01,2028-12-31,98.0
2026-06-23,Villamos,2029. év,Zsinór,2029-01-01,2029-12-31,91.25
2026-06-24,Villamos,2026. szeptember,Zsinór,2026-09-01,2026-09-30,129.7
2026-06-24,Villamos,2026. IV. negyedév,Zsinór,2026-10-01,2026-12-31,139.9
2026-06-24,Villamos,2027. I. negyedév,Zsinór,2027-01-01,2027-03-31,133.0
2026-06-24,Villamos,2027. év,Zsinór,2027-01-01,2027-12-31,113.0
2026-06-24,Villamos,2028. év,Zsinór,2028-01-01,2028-12-31,98.1
2026-06-24,Villamos,2029. év,Zsinór,2029-01-01,2029-12-31,90.5
2026-06-25,Villamos,2026. szeptember,Zsinór,2026-09-01,2026-09-30,128.0
2026-06-25,Villamos,2026. IV. negyedév,Zsinór,2026-10-01,2026-12-31,138.5
2026-06-25,Villamos,2027. I. negyedév,Zsinór,2027-01-01,2027-03-31,132.25
2026-06-25,Villamos,2027. év,Zsinór,2027-01-01,2027-12-31,112.85
2026-06-25,Villamos,2028. év,Zsinór,2028-01-01,2028-12-31,98.5
2026-06-25,Villamos,2029. év,Zsinór,2029-01-01,2029-12-31,90.5
2026-06-26,Villamos,2026. szeptember,Zsinór,2026-09-01,2026-09-30,128.0
2026-06-26,Villamos,2026. IV. negyedév,Zsinór,2026-10-01,2026-12-31,137.5
2026-06-26,Villamos,2027. I. negyedév,Zsinór,2027-01-01,2027-03-31,131.5
2026-06-26,Villamos,2027. év,Zsinór,2027-01-01,2027-12-31,111.65
2026-06-26,Villamos,2028. év,Zsinór,2028-01-01,2028-12-31,97.75
2026-06-26,Villamos,2029. év,Zsinór,2029-01-01,2029-12-31,90.0
2026-07-02,Villamos,2026. szeptember,Zsinór,2026-09-01,2026-09-30,134.0
2026-07-02,Villamos,2026. október,Zsinór,2026-10-01,2026-10-31,133.5
2026-07-02,Villamos,2026. IV. negyedév,Zsinór,2026-10-01,2026-12-31,142.75
2026-07-02,Villamos,2027. I. negyedév,Zsinór,2027-01-01,2027-03-31,135.5
2026-07-02,Villamos,2027. év,Zsinór,2027-01-01,2027-12-31,113.75
2026-07-02,Villamos,2027. II. negyedév,Zsinór,2027-04-01,2027-06-30,91.5
2026-07-02,Villamos,2028. év,Zsinór,2028-01-01,2028-12-31,97.5
2026-07-02,Villamos,2029. év,Zsinór,2029-01-01,2029-12-31,89.25
2026-07-03,Villamos,2026. szeptember,Zsinór,2026-09-01,2026-09-30,135.5
2026-07-03,Villamos,2026. október,Zsinór,2026-10-01,2026-10-31,135.0
2026-07-03,Villamos,2026. IV. negyedév,Zsinór,2026-10-01,2026-12-31,144.0
2026-07-03,Villamos,2027. I. negyedév,Zsinór,2027-01-01,2027-03-31,136.25
2026-07-03,Villamos,2027. év,Zsinór,2027-01-01,2027-12-31,113.5
2026-07-03,Villamos,2027. II. negyedév,Zsinór,2027-04-01,2027-06-30,91.0
2026-07-03,Villamos,2028. év,Zsinór,2028-01-01,2028-12-31,98.0
2026-07-03,Villamos,2029. év,Zsinór,2029-01-01,2029-12-31,90.35
2026-07-06,Villamos,2026. szeptember,Zsinór,2026-09-01,2026-09-30,134.0
2026-07-06,Villamos,2026. október,Zsinór,2026-10-01,2026-10-31,136.0
2026-07-06,Villamos,2026. IV. negyedév,Zsinór,2026-10-01,2026-12-31,144.0
2026-07-06,Villamos,2027. I. negyedév,Zsinór,2027-01-01,2027-03-31,136.25
2026-07-06,Villamos,2027. év,Zsinór,2027-01-01,2027-12-31,114.25
2026-07-06,Villamos,2027. II. negyedév,Zsinór,2027-04-01,2027-06-30,92.0
2026-07-06,Villamos,2028. év,Zsinór,2028-01-01,2028-12-31,99.0
2026-07-06,Villamos,2029. év,Zsinór,2029-01-01,2029-12-31,90.25
2026-07-07,Villamos,2026. szeptember,Zsinór,2026-09-01,2026-09-30,136.25
2026-07-07,Villamos,2026. október,Zsinór,2026-10-01,2026-10-31,138.0
2026-07-07,Villamos,2026. IV. negyedév,Zsinór,2026-10-01,2026-12-31,146.0
2026-07-07,Villamos,2027. I. negyedév,Zsinór,2027-01-01,2027-03-31,138.5
2026-07-07,Villamos,2027. év,Zsinór,2027-01-01,2027-12-31,115.0
2026-07-07,Villamos,2027. II. negyedév,Zsinór,2027-04-01,2027-06-30,93.0
2026-07-07,Villamos,2028. év,Zsinór,2028-01-01,2028-12-31,99.5
2026-07-07,Villamos,2029. év,Zsinór,2029-01-01,2029-12-31,91.0
2026-07-08,Villamos,2026. szeptember,Zsinór,2026-09-01,2026-09-30,142.6
2026-07-08,Villamos,2026. október,Zsinór,2026-10-01,2026-10-31,140.1
2026-07-08,Villamos,2026. IV. negyedév,Zsinór,2026-10-01,2026-12-31,151.5
2026-07-08,Villamos,2027. I. negyedév,Zsinór,2027-01-01,2027-03-31,143.0
2026-07-08,Villamos,2027. év,Zsinór,2027-01-01,2027-12-31,117.1
2026-07-08,Villamos,2027. II. negyedév,Zsinór,2027-04-01,2027-06-30,94.0
2026-07-08,Villamos,2028. év,Zsinór,2028-01-01,2028-12-31,99.6
2026-07-08,Villamos,2029. év,Zsinór,2029-01-01,2029-12-31,91.3
2026-07-09,Villamos,2026. szeptember,Zsinór,2026-09-01,2026-09-30,143.0
2026-07-09,Villamos,2026. október,Zsinór,2026-10-01,2026-10-31,143.65
2026-07-09,Villamos,2026. IV. negyedév,Zsinór,2026-10-01,2026-12-31,151.0
2026-07-09,Villamos,2027. I. negyedév,Zsinór,2027-01-01,2027-03-31,143.0
2026-07-09,Villamos,2027. év,Zsinór,2027-01-01,2027-12-31,117.75
2026-07-09,Villamos,2027. II. negyedév,Zsinór,2027-04-01,2027-06-30,94.75
2026-07-09,Villamos,2028. év,Zsinór,2028-01-01,2028-12-31,99.5
2026-07-09,Villamos,2029. év,Zsinór,2029-01-01,2029-12-31,91.5
2026-07-10,Villamos,2026. szeptember,Zsinór,2026-09-01,2026-09-30,143.0
2026-07-10,Villamos,2026. október,Zsinór,2026-10-01,2026-10-31,145.0
2026-07-10,Villamos,2026. IV. negyedév,Zsinór,2026-10-01,2026-12-31,150.0
2026-07-10,Villamos,2027. I. negyedév,Zsinór,2027-01-01,2027-03-31,142.0
2026-07-10,Villamos,2027. év,Zsinór,2027-01-01,2027-12-31,117.85
2026-07-10,Villamos,2027. II. negyedév,Zsinór,2027-04-01,2027-06-30,96.75
2026-07-10,Villamos,2028. év,Zsinór,2028-01-01,2028-12-31,100.0
2026-07-10,Villamos,2029. év,Zsinór,2029-01-01,2029-12-31,92.0
2026-07-13,Villamos,2026. szeptember,Zsinór,2026-09-01,2026-09-30,146.9
2026-07-13,Villamos,2026. október,Zsinór,2026-10-01,2026-10-31,148.1
2026-07-13,Villamos,2026. IV. negyedév,Zsinór,2026-10-01,2026-12-31,153.25
2026-07-13,Villamos,2027. I. negyedév,Zsinór,2027-01-01,2027-03-31,144.0
2026-07-13,Villamos,2027. év,Zsinór,2027-01-01,2027-12-31,119.5
2026-07-13,Villamos,2027. II. negyedév,Zsinór,2027-04-01,2027-06-30,98.3
2026-07-13,Villamos,2028. év,Zsinór,2028-01-01,2028-12-31,102.0
2026-07-13,Villamos,2029. év,Zsinór,2029-01-01,2029-12-31,93.0
2026-07-14,Villamos,2026. szeptember,Zsinór,2026-09-01,2026-09-30,151.4
2026-07-14,Villamos,2026. október,Zsinór,2026-10-01,2026-10-31,151.7
2026-07-14,Villamos,2026. IV. negyedév,Zsinór,2026-10-01,2026-12-31,158.0
2026-07-14,Villamos,2027. I. negyedév,Zsinór,2027-01-01,2027-03-31,149.0
2026-07-14,Villamos,2027. év,Zsinór,2027-01-01,2027-12-31,123.0
2026-07-14,Villamos,2027. II. negyedév,Zsinór,2027-04-01,2027-06-30,101.9
2026-07-14,Villamos,2028. év,Zsinór,2028-01-01,2028-12-31,101.25
2026-07-14,Villamos,2029. év,Zsinór,2029-01-01,2029-12-31,93.2
2026-07-15,Villamos,2026. szeptember,Zsinór,2026-09-01,2026-09-30,153.75
2026-07-15,Villamos,2026. október,Zsinór,2026-10-01,2026-10-31,153.25
2026-07-15,Villamos,2026. IV. negyedév,Zsinór,2026-10-01,2026-12-31,160.25
2026-07-15,Villamos,2027. I. negyedév,Zsinór,2027-01-01,2027-03-31,152.0
2026-07-15,Villamos,2027. év,Zsinór,2027-01-01,2027-12-31,125.0
2026-07-15,Villamos,2027. II. negyedév,Zsinór,2027-04-01,2027-06-30,103.5
2026-07-15,Villamos,2028. év,Zsinór,2028-01-01,2028-12-31,102.0
2026-07-15,Villamos,2029. év,Zsinór,2029-01-01,2029-12-31,93.0
2026-07-16,Villamos,2026. szeptember,Zsinór,2026-09-01,2026-09-30,154.0
2026-07-16,Villamos,2026. október,Zsinór,2026-10-01,2026-10-31,153.0
2026-07-16,Villamos,2026. IV. negyedév,Zsinór,2026-10-01,2026-12-31,159.0
2026-07-16,Villamos,2027. I. negyedév,Zsinór,2027-01-01,2027-03-31,151.0
2026-07-16,Villamos,2027. év,Zsinór,2027-01-01,2027-12-31,124.0
2026-07-16,Villamos,2027. II. negyedév,Zsinór,2027-04-01,2027-06-30,102.65
2026-07-16,Villamos,2028. év,Zsinór,2028-01-01,2028-12-31,101.15
2026-07-16,Villamos,2029. év,Zsinór,2029-01-01,2029-12-31,93.0
2026-07-17,Villamos,2026. szeptember,Zsinór,2026-09-01,2026-09-30,160.0
2026-07-17,Villamos,2026. október,Zsinór,2026-10-01,2026-10-31,153.0
2026-07-17,Villamos,2026. IV. negyedév,Zsinór,2026-10-01,2026-12-31,162.5
2026-07-17,Villamos,2027. I. negyedév,Zsinór,2027-01-01,2027-03-31,154.75
2026-07-17,Villamos,2027. év,Zsinór,2027-01-01,2027-12-31,125.5
2026-07-17,Villamos,2027. II. negyedév,Zsinór,2027-04-01,2027-06-30,103.0
2026-07-17,Villamos,2028. év,Zsinór,2028-01-01,2028-12-31,102.0
2026-07-17,Villamos,2029. év,Zsinór,2029-01-01,2029-12-31,93.0
2026-07-20,Villamos,2026. szeptember,Zsinór,2026-09-01,2026-09-30,162.0
2026-07-20,Villamos,2026. október,Zsinór,2026-10-01,2026-10-31,160.1
2026-07-20,Villamos,2026. IV. negyedév,Zsinór,2026-10-01,2026-12-31,165.0
2026-07-20,Villamos,2027. I. negyedév,Zsinór,2027-01-01,2027-03-31,155.5
2026-07-20,Villamos,2027. év,Zsinór,2027-01-01,2027-12-31,125.9
2026-07-20,Villamos,2027. II. negyedév,Zsinór,2027-04-01,2027-06-30,104.3
2026-07-20,Villamos,2028. év,Zsinór,2028-01-01,2028-12-31,103.5
2026-07-20,Villamos,2029. év,Zsinór,2029-01-01,2029-12-31,92.75
2026-07-21,Villamos,2026. szeptember,Zsinór,2026-09-01,2026-09-30,163.0
2026-07-21,Villamos,2026. október,Zsinór,2026-10-01,2026-10-31,161.75
2026-07-21,Villamos,2026. IV. negyedév,Zsinór,2026-10-01,2026-12-31,167.0
2026-07-21,Villamos,2027. I. negyedév,Zsinór,2027-01-01,2027-03-31,156.75
2026-07-21,Villamos,2027. év,Zsinór,2027-01-01,2027-12-31,127.75
2026-07-21,Villamos,2027. II. negyedév,Zsinór,2027-04-01,2027-06-30,104.0
2026-07-21,Villamos,2028. év,Zsinór,2028-01-01,2028-12-31,104.0
2026-07-21,Villamos,2029. év,Zsinór,2029-01-01,2029-12-31,93.5
2026-07-22,Villamos,2026. szeptember,Zsinór,2026-09-01,2026-09-30,171.0
2026-07-22,Villamos,2026. október,Zsinór,2026-10-01,2026-10-31,170.8
2026-07-22,Villamos,2026. IV. negyedév,Zsinór,2026-10-01,2026-12-31,173.0
2026-07-22,Villamos,2027. I. negyedév,Zsinór,2027-01-01,2027-03-31,162.0
2026-07-22,Villamos,2027. év,Zsinór,2027-01-01,2027-12-31,130.5
2026-07-22,Villamos,2027. II. negyedév,Zsinór,2027-04-01,2027-06-30,108.0
2026-07-22,Villamos,2028. év,Zsinór,2028-01-01,2028-12-31,106.8
2026-07-22,Villamos,2029. év,Zsinór,2029-01-01,2029-12-31,95.5
2026-07-23,Villamos,2026. szeptember,Zsinór,2026-09-01,2026-09-30,171.0
2026-07-23,Villamos,2026. október,Zsinór,2026-10-01,2026-10-31,168.5
2026-07-23,Villamos,2026. IV. negyedév,Zsinór,2026-10-01,2026-12-31,171.0
2026-07-23,Villamos,2027. I. negyedév,Zsinór,2027-01-01,2027-03-31,160.0
2026-07-23,Villamos,2027. év,Zsinór,2027-01-01,2027-12-31,131.0
2026-07-23,Villamos,2027. II. negyedév,Zsinór,2027-04-01,2027-06-30,107.0
2026-07-23,Villamos,2028. év,Zsinór,2028-01-01,2028-12-31,106.75
2026-07-23,Villamos,2029. év,Zsinór,2029-01-01,2029-12-31,95.0
2026-07-24,Villamos,2026. szeptember,Zsinór,2026-09-01,2026-09-30,173.7
2026-07-24,Villamos,2026. október,Zsinór,2026-10-01,2026-10-31,169.6
2026-07-24,Villamos,2026. IV. negyedév,Zsinór,2026-10-01,2026-12-31,174.0
2026-07-24,Villamos,2027. I. negyedév,Zsinór,2027-01-01,2027-03-31,162.8
2026-07-24,Villamos,2027. év,Zsinór,2027-01-01,2027-12-31,132.6
2026-07-24,Villamos,2027. II. negyedév,Zsinór,2027-04-01,2027-06-30,108.7
2026-07-24,Villamos,2028. év,Zsinór,2028-01-01,2028-12-31,107.3
2026-07-24,Villamos,2029. év,Zsinór,2029-01-01,2029-12-31,95.0
2026-07-27,Villamos,2026. szeptember,Zsinór,2026-09-01,2026-09-30,167.0
2026-07-27,Villamos,2026. október,Zsinór,2026-10-01,2026-10-31,166.2
2026-07-27,Villamos,2026. IV. negyedév,Zsinór,2026-10-01,2026-12-31,168.0
2026-07-27,Villamos,2027. I. negyedév,Zsinór,2027-01-01,2027-03-31,157.25
2026-07-27,Villamos,2027. év,Zsinór,2027-01-01,2027-12-31,129.6
2026-07-27,Villamos,2027. II. negyedév,Zsinór,2027-04-01,2027-06-30,106.0
2026-07-27,Villamos,2028. év,Zsinór,2028-01-01,2028-12-31,105.5
2026-07-27,Villamos,2029. év,Zsinór,2029-01-01,2029-12-31,94.85
2026-07-28,Villamos,2026. szeptember,Zsinór,2026-09-01,2026-09-30,165.5
2026-07-28,Villamos,2026. október,Zsinór,2026-10-01,2026-10-31,169.0
2026-07-28,Villamos,2026. IV. negyedév,Zsinór,2026-10-01,2026-12-31,165.5
2026-07-28,Villamos,2027. I. negyedév,Zsinór,2027-01-01,2027-03-31,153.5
2026-07-28,Villamos,2027. év,Zsinór,2027-01-01,2027-12-31,126.25
2026-07-28,Villamos,2027. II. negyedév,Zsinór,2027-04-01,2027-06-30,102.5
2026-07-28,Villamos,2028. év,Zsinór,2028-01-01,2028-12-31,103.5
2026-07-28,Villamos,2029. év,Zsinór,2029-01-01,2029-12-31,93.75
2026-07-29,Villamos,2026. szeptember,Zsinór,2026-09-01,2026-09-30,170.8
2026-07-29,Villamos,2026. október,Zsinór,2026-10-01,2026-10-31,169.0
2026-07-29,Villamos,2026. IV. negyedév,Zsinór,2026-10-01,2026-12-31,171.5
2026-07-29,Villamos,2027. I. negyedév,Zsinór,2027-01-01,2027-03-31,160.5
2026-07-29,Villamos,2027. év,Zsinór,2027-01-01,2027-12-31,128.4
2026-07-29,Villamos,2027. II. negyedév,Zsinór,2027-04-01,2027-06-30,104.25
2026-07-29,Villamos,2028. év,Zsinór,2028-01-01,2028-12-31,105.0
2026-07-29,Villamos,2029. év,Zsinór,2029-01-01,2029-12-31,94.7
2026-07-30,Villamos,2026. szeptember,Zsinór,2026-09-01,2026-09-30,173.0
2026-07-30,Villamos,2026. október,Zsinór,2026-10-01,2026-10-31,164.0
2026-07-30,Villamos,2026. IV. negyedév,Zsinór,2026-10-01,2026-12-31,168.75
2026-07-30,Villamos,2027. I. negyedév,Zsinór,2027-01-01,2027-03-31,158.5
2026-07-30,Villamos,2027. év,Zsinór,2027-01-01,2027-12-31,127.75
2026-07-30,Villamos,2027. II. negyedév,Zsinór,2027-04-01,2027-06-30,102.5
2026-07-30,Villamos,2028. év,Zsinór,2028-01-01,2028-12-31,104.5
2026-07-30,Villamos,2029. év,Zsinór,2029-01-01,2029-12-31,94.5
2026-07-31,Villamos,2026. szeptember,Zsinór,2026-09-01,2026-09-30,178.5
2026-07-31,Villamos,2026. október,Zsinór,2026-10-01,2026-10-31,179.0
2026-07-31,Villamos,2026. IV. negyedév,Zsinór,2026-10-01,2026-12-31,171.0
2026-07-31,Villamos,2027. I. negyedév,Zsinór,2027-01-01,2027-03-31,159.0
2026-07-31,Villamos,2027. év,Zsinór,2027-01-01,2027-12-31,127.0
2026-07-31,Villamos,2027. II. negyedév,Zsinór,2027-04-01,2027-06-30,101.5
2026-07-31,Villamos,2028. év,Zsinór,2028-01-01,2028-12-31,105.0
2026-07-31,Villamos,2029. év,Zsinór,2029-01-01,2029-12-31,94.25
2026-08-03,Villamos,2026. szeptember,Zsinór,2026-09-01,2026-09-30,169.5
2026-08-03,Villamos,2026. október,Zsinór,2026-10-01,2026-10-31,163.0
2026-08-03,Villamos,2026. IV. negyedév,Zsinór,2026-10-01,2026-12-31,167.0
2026-08-03,Villamos,2026. november,Zsinór,2026-11-01,2026-11-30,175.0
2026-08-03,Villamos,2027. I. negyedév,Zsinór,2027-01-01,2027-03-31,156.0
2026-08-03,Villamos,2027. év,Zsinór,2027-01-01,2027-12-31,125.0
2026-08-03,Villamos,2027. II. negyedév,Zsinór,2027-04-01,2027-06-30,99.5
2026-08-03,Villamos,2028. év,Zsinór,2028-01-01,2028-12-31,103.5
2026-08-03,Villamos,2029. év,Zsinór,2029-01-01,2029-12-31,94.0
2026-08-04,Villamos,2026. szeptember,Zsinór,2026-09-01,2026-09-30,171.3
2026-08-04,Villamos,2026. október,Zsinór,2026-10-01,2026-10-31,164.2
2026-08-04,Villamos,2026. IV. negyedév,Zsinór,2026-10-01,2026-12-31,168.0
2026-08-04,Villamos,2026. november,Zsinór,2026-11-01,2026-11-30,175.5
2026-08-04,Villamos,2027. I. negyedév,Zsinór,2027-01-01,2027-03-31,156.8
2026-08-04,Villamos,2027. év,Zsinór,2027-01-01,2027-12-31,125.0
2026-08-04,Villamos,2027. II. negyedév,Zsinór,2027-04-01,2027-06-30,99.8
2026-08-04,Villamos,2028. év,Zsinór,2028-01-01,2028-12-31,103.6
2026-08-04,Villamos,2029. év,Zsinór,2029-01-01,2029-12-31,94.0
2026-08-05,Villamos,2026. szeptember,Zsinór,2026-09-01,2026-09-30,162.5
2026-08-05,Villamos,2026. október,Zsinór,2026-10-01,2026-10-31,161.0
2026-08-05,Villamos,2026. IV. negyedév,Zsinór,2026-10-01,2026-12-31,162.5
2026-08-05,Villamos,2026. november,Zsinór,2026-11-01,2026-11-30,172.5
2026-08-05,Villamos,2027. I. negyedév,Zsinór,2027-01-01,2027-03-31,153.0
2026-08-05,Villamos,2027. év,Zsinór,2027-01-01,2027-12-31,123.6
2026-08-05,Villamos,2027. II. negyedév,Zsinór,2027-04-01,2027-06-30,102.3
2026-08-05,Villamos,2028. év,Zsinór,2028-01-01,2028-12-31,103.0
2026-08-05,Villamos,2029. év,Zsinór,2029-01-01,2029-12-31,94.0
2026-08-06,Villamos,2026. szeptember,Zsinór,2026-09-01,2026-09-30,161.5
2026-08-06,Villamos,2026. október,Zsinór,2026-10-01,2026-10-31,156.0
2026-08-06,Villamos,2026. IV. negyedév,Zsinór,2026-10-01,2026-12-31,161.5
2026-08-06,Villamos,2026. november,Zsinór,2026-11-01,2026-11-30,169.0
2026-08-06,Villamos,2027. I. negyedév,Zsinór,2027-01-01,2027-03-31,151.5
2026-08-06,Villamos,2027. év,Zsinór,2027-01-01,2027-12-31,122.75
2026-08-06,Villamos,2027. II. negyedév,Zsinór,2027-04-01,2027-06-30,98.0
2026-08-06,Villamos,2028. év,Zsinór,2028-01-01,2028-12-31,103.0
2026-08-06,Villamos,2029. év,Zsinór,2029-01-01,2029-12-31,93.0
2026-08-07,Villamos,2026. szeptember,Zsinór,2026-09-01,2026-09-30,164.0
2026-08-07,Villamos,2026. október,Zsinór,2026-10-01,2026-10-31,159.5
2026-08-07,Villamos,2026. IV. negyedév,Zsinór,2026-10-01,2026-12-31,164.0
2026-08-07,Villamos,2026. november,Zsinór,2026-11-01,2026-11-30,172.0
2026-08-07,Villamos,2027. I. negyedév,Zsinór,2027-01-01,2027-03-31,155.5
2026-08-07,Villamos,2027. év,Zsinór,2027-01-01,2027-12-31,125.5
2026-08-07,Villamos,2027. II. negyedév,Zsinór,2027-04-01,2027-06-30,100.5
2026-08-07,Villamos,2028. év,Zsinór,2028-01-01,2028-12-31,104.0
2026-08-07,Villamos,2029. év,Zsinór,2029-01-01,2029-12-31,94.0
2026-08-10,Villamos,2026. szeptember,Zsinór,2026-09-01,2026-09-30,162.5
2026-08-10,Villamos,2026. október,Zsinór,2026-10-01,2026-10-31,164.5
2026-08-10,Villamos,2026. IV. negyedév,Zsinór,2026-10-01,2026-12-31,169.0
2026-08-10,Villamos,2026. november,Zsinór,2026-11-01,2026-11-30,176.0
2026-08-10,Villamos,2027. I. negyedév,Zsinór,2027-01-01,2027-03-31,160.0
2026-08-10,Villamos,2027. év,Zsinór,2027-01-01,2027-12-31,127.0
2026-08-10,Villamos,2027. II. negyedév,Zsinór,2027-04-01,2027-06-30,102.0
2026-08-10,Villamos,2028. év,Zsinór,2028-01-01,2028-12-31,104.5
2026-08-10,Villamos,2029. év,Zsinór,2029-01-01,2029-12-31,94.5
2026-08-11,Villamos,2026. szeptember,Zsinór,2026-09-01,2026-09-30,163.5
2026-08-11,Villamos,2026. október,Zsinór,2026-10-01,2026-10-31,163.25
2026-08-11,Villamos,2026. IV. negyedév,Zsinór,2026-10-01,2026-12-31,169.0
2026-08-11,Villamos,2026. november,Zsinór,2026-11-01,2026-11-30,178.0
2026-08-11,Villamos,2027. I. negyedév,Zsinór,2027-01-01,2027-03-31,159.0
2026-08-11,Villamos,2027. év,Zsinór,2027-01-01,2027-12-31,126.75
2026-08-11,Villamos,2027. II. negyedév,Zsinór,2027-04-01,2027-06-30,102.0
2026-08-11,Villamos,2028. év,Zsinór,2028-01-01,2028-12-31,104.5
2026-08-11,Villamos,2029. év,Zsinór,2029-01-01,2029-12-31,94.25
2026-08-12,Villamos,2026. szeptember,Zsinór,2026-09-01,2026-09-30,164.5
2026-08-12,Villamos,2026. október,Zsinór,2026-10-01,2026-10-31,166.0
2026-08-12,Villamos,2026. IV. negyedév,Zsinór,2026-10-01,2026-12-31,171.7
2026-08-12,Villamos,2026. november,Zsinór,2026-11-01,2026-11-30,187.0
2026-08-12,Villamos,2027. I. negyedév,Zsinór,2027-01-01,2027-03-31,162.8
2026-08-12,Villamos,2027. év,Zsinór,2027-01-01,2027-12-31,128.65
2026-08-12,Villamos,2027. II. negyedév,Zsinór,2027-04-01,2027-06-30,106.2
2026-08-12,Villamos,2028. év,Zsinór,2028-01-01,2028-12-31,105.2
2026-08-12,Villamos,2029. év,Zsinór,2029-01-01,2029-12-31,94.5
2026-08-13,Villamos,2026. szeptember,Zsinór,2026-09-01,2026-09-30,161.0
2026-08-13,Villamos,2026. október,Zsinór,2026-10-01,2026-10-31,166.0
2026-08-13,Villamos,2026. IV. negyedév,Zsinór,2026-10-01,2026-12-31,169.3
2026-08-13,Villamos,2026. november,Zsinór,2026-11-01,2026-11-30,167.0
2026-08-13,Villamos,2027. I. negyedév,Zsinór,2027-01-01,2027-03-31,161.0
2026-08-13,Villamos,2027. év,Zsinór,2027-01-01,2027-12-31,127.8
2026-08-13,Villamos,2027. II. negyedév,Zsinór,2027-04-01,2027-06-30,102.6
2026-08-13,Villamos,2028. év,Zsinór,2028-01-01,2028-12-31,104.6
2026-08-13,Villamos,2029. év,Zsinór,2029-01-01,2029-12-31,94.1
2026-08-14,Villamos,2026. szeptember,Zsinór,2026-09-01,2026-09-30,164.0
2026-08-14,Villamos,2026. október,Zsinór,2026-10-01,2026-10-31,168.0
2026-08-14,Villamos,2026. IV. negyedév,Zsinór,2026-10-01,2026-12-31,171.0
2026-08-14,Villamos,2026. november,Zsinór,2026-11-01,2026-11-30,181.0
2026-08-14,Villamos,2027. I. negyedév,Zsinór,2027-01-01,2027-03-31,163.0
2026-08-14,Villamos,2027. év,Zsinór,2027-01-01,2027-12-31,128.75
2026-08-14,Villamos,2027. II. negyedév,Zsinór,2027-04-01,2027-06-30,103.0
2026-08-14,Villamos,2028. év,Zsinór,2028-01-01,2028-12-31,105.0
2026-08-14,Villamos,2029. év,Zsinór,2029-01-01,2029-12-31,94.5
2026-08-17,Villamos,2026. szeptember,Zsinór,2026-09-01,2026-09-30,159.25
2026-08-17,Villamos,2026. október,Zsinór,2026-10-01,2026-10-31,165.0
2026-08-17,Villamos,2026. IV. negyedév,Zsinór,2026-10-01,2026-12-31,172.0
2026-08-17,Villamos,2026. november,Zsinór,2026-11-01,2026-11-30,181.0
2026-08-17,Villamos,2027. I. negyedév,Zsinór,2027-01-01,2027-03-31,163.0
2026-08-17,Villamos,2027. év,Zsinór,2027-01-01,2027-12-31,128.5
2026-08-17,Villamos,2027. II. negyedév,Zsinór,2027-04-01,2027-06-30,103.0
2026-08-17,Villamos,2028. év,Zsinór,2028-01-01,2028-12-31,105.0
2026-08-17,Villamos,2029. év,Zsinór,2029-01-01,2029-12-31,94.5
2026-08-18,Villamos,2026. szeptember,Zsinór,2026-09-01,2026-09-30,157.25
2026-08-18,Villamos,2026. október,Zsinór,2026-10-01,2026-10-31,166.0
2026-08-18,Villamos,2026. IV. negyedév,Zsinór,2026-10-01,2026-12-31,170.0
2026-08-18,Villamos,2026. november,Zsinór,2026-11-01,2026-11-30,179.0
2026-08-18,Villamos,2027. I. negyedév,Zsinór,2027-01-01,2027-03-31,164.0
2026-08-18,Villamos,2027. év,Zsinór,2027-01-01,2027-12-31,128.65
2026-08-18,Villamos,2027. II. negyedév,Zsinór,2027-04-01,2027-06-30,102.8
2026-08-18,Villamos,2028. év,Zsinór,2028-01-01,2028-12-31,104.75
2026-08-18,Villamos,2029. év,Zsinór,2029-01-01,2029-12-31,94.0
2026-08-19,Villamos,2026. szeptember,Zsinór,2026-09-01,2026-09-30,159.0
2026-08-19,Villamos,2026. október,Zsinór,2026-10-01,2026-10-31,168.5
2026-08-19,Villamos,2026. IV. negyedév,Zsinór,2026-10-01,2026-12-31,173.25
2026-08-19,Villamos,2026. november,Zsinór,2026-11-01,2026-11-30,181.0
2026-08-19,Villamos,2027. I. negyedév,Zsinór,2027-01-01,2027-03-31,166.0
2026-08-19,Villamos,2027. év,Zsinór,2027-01-01,2027-12-31,130.75
2026-08-19,Villamos,2027. II. negyedév,Zsinór,2027-04-01,2027-06-30,104.0
2026-08-19,Villamos,2028. év,Zsinór,2028-01-01,2028-12-31,106.0
2026-08-19,Villamos,2029. év,Zsinór,2029-01-01,2029-12-31,94.5
2026-08-24,Villamos,2026. szeptember,Zsinór,2026-09-01,2026-09-30,161.75
2026-08-24,Villamos,2026. október,Zsinór,2026-10-01,2026-10-31,173.5
2026-08-24,Villamos,2026. IV. negyedév,Zsinór,2026-10-01,2026-12-31,178.5
2026-08-24,Villamos,2026. november,Zsinór,2026-11-01,2026-11-30,183.0
2026-08-24,Villamos,2027. I. negyedév,Zsinór,2027-01-01,2027-03-31,171.5
2026-08-24,Villamos,2027. év,Zsinór,2027-01-01,2027-12-31,135.0
2026-08-24,Villamos,2027. II. negyedév,Zsinór,2027-04-01,2027-06-30,112.0
2026-08-24,Villamos,2028. év,Zsinór,2028-01-01,2028-12-31,109.0
2026-08-24,Villamos,2029. év,Zsinór,2029-01-01,2029-12-31,97.0
2026-08-25,Villamos,2026. szeptember,Zsinór,2026-09-01,2026-09-30,167.0
2026-08-25,Villamos,2026. október,Zsinór,2026-10-01,2026-10-31,174.0
2026-08-25,Villamos,2026. IV. negyedév,Zsinór,2026-10-01,2026-12-31,178.0
2026-08-25,Villamos,2026. november,Zsinór,2026-11-01,2026-11-30,181.0
2026-08-25,Villamos,2027. I. negyedév,Zsinór,2027-01-01,2027-03-31,171.0
2026-08-25,Villamos,2027. év,Zsinór,2027-01-01,2027-12-31,133.75
2026-08-25,Villamos,2027. II. negyedév,Zsinór,2027-04-01,2027-06-30,107.0
2026-08-25,Villamos,2028. év,Zsinór,2028-01-01,2028-12-31,108.5
2026-08-25,Villamos,2029. év,Zsinór,2029-01-01,2029-12-31,96.75
2026-08-26,Villamos,2026. szeptember,Zsinór,2026-09-01,2026-09-30,163.75
2026-08-26,Villamos,2026. október,Zsinór,2026-10-01,2026-10-31,169.5
2026-08-26,Villamos,2026. IV. negyedév,Zsinór,2026-10-01,2026-12-31,175.25
2026-08-26,Villamos,2026. november,Zsinór,2026-11-01,2026-11-30,183.25
2026-08-26,Villamos,2027. I. negyedév,Zsinór,2027-01-01,2027-03-31,166.85
2026-08-26,Villamos,2027. év,Zsinór,2027-01-01,2027-12-31,132.5
2026-08-26,Villamos,2027. II. negyedév,Zsinór,2027-04-01,2027-06-30,108.75
2026-08-26,Villamos,2028. év,Zsinór,2028-01-01,2028-12-31,106.75
2026-08-26,Villamos,2029. év,Zsinór,2029-01-01,2029-12-31,96.0
2026-08-27,Villamos,2026. szeptember,Zsinór,2026-09-01,2026-09-30,167.3
2026-08-27,Villamos,2026. október,Zsinór,2026-10-01,2026-10-31,176.7
2026-08-27,Villamos,2026. IV. negyedév,Zsinór,2026-10-01,2026-12-31,178.0
2026-08-27,Villamos,2026. november,Zsinór,2026-11-01,2026-11-30,185.0
2026-08-27,Villamos,2027. I. negyedév,Zsinór,2027-01-01,2027-03-31,172.0
2026-08-27,Villamos,2027. év,Zsinór,2027-01-01,2027-12-31,135.5
2026-08-27,Villamos,2027. II. negyedév,Zsinór,2027-04-01,2027-06-30,111.5
2026-08-27,Villamos,2028. év,Zsinór,2028-01-01,2028-12-31,108.6
2026-08-27,Villamos,2029. év,Zsinór,2029-01-01,2029-12-31,96.7
2026-08-28,Villamos,2026. szeptember,Zsinór,2026-09-01,2026-09-30,169.5
2026-08-28,Villamos,2026. október,Zsinór,2026-10-01,2026-10-31,176.9
2026-08-28,Villamos,2026. IV. negyedév,Zsinór,2026-10-01,2026-12-31,180.2
2026-08-28,Villamos,2026. november,Zsinór,2026-11-01,2026-11-30,188.0
2026-08-28,Villamos,2027. I. negyedév,Zsinór,2027-01-01,2027-03-31,173.3
2026-08-28,Villamos,2027. év,Zsinór,2027-01-01,2027-12-31,135.6
2026-08-28,Villamos,2027. II. negyedév,Zsinór,2027-04-01,2027-06-30,110.5
2026-08-28,Villamos,2028. év,Zsinór,2028-01-01,2028-12-31,108.5
2026-08-28,Villamos,2029. év,Zsinór,2029-01-01,2029-12-31,97.2
2026-08-31,Villamos,2026. október,Zsinór,2026-10-01,2026-10-31,183.2
2026-08-31,Villamos,2026. IV. negyedév,Zsinór,2026-10-01,2026-12-31,185.5
2026-08-31,Villamos,2026. november,Zsinór,2026-11-01,2026-11-30,198.0
2026-08-31,Villamos,2027. I. negyedév,Zsinór,2027-01-01,2027-03-31,178.5
2026-08-31,Villamos,2027. év,Zsinór,2027-01-01,2027-12-31,139.6
2026-08-31,Villamos,2027. II. negyedév,Zsinór,2027-04-01,2027-06-30,116.4
2026-08-31,Villamos,2028. év,Zsinór,2028-01-01,2028-12-31,110.0
2026-08-31,Villamos,2029. év,Zsinór,2029-01-01,2029-12-31,97.7
2026-09-01,Villamos,2026. október,Zsinór,2026-10-01,2026-10-31,185.75
2026-09-01,Villamos,2026. IV. negyedév,Zsinór,2026-10-01,2026-12-31,187.25
2026-09-01,Villamos,2026. november,Zsinór,2026-11-01,2026-11-30,198.5
2026-09-01,Villamos,2027. I. negyedév,Zsinór,2027-01-01,2027-03-31,181.5
2026-09-01,Villamos,2027. év,Zsinór,2027-01-01,2027-12-31,140.0
2026-09-01,Villamos,2027. II. negyedév,Zsinór,2027-04-01,2027-06-30,113.0
2026-09-01,Villamos,2028. év,Zsinór,2028-01-01,2028-12-31,110.5
2026-09-01,Villamos,2029. év,Zsinór,2029-01-01,2029-12-31,98.5
2026-09-02,Villamos,2026. október,Zsinór,2026-10-01,2026-10-31,190.0
2026-09-02,Villamos,2026. IV. negyedév,Zsinór,2026-10-01,2026-12-31,194.25
2026-09-02,Villamos,2026. november,Zsinór,2026-11-01,2026-11-30,202.5
2026-09-02,Villamos,2026. december,Zsinór,2026-12-01,2026-12-31,194.0
2026-09-02,Villamos,2027. I. negyedév,Zsinór,2027-01-01,2027-03-31,186.75
2026-09-02,Villamos,2027. év,Zsinór,2027-01-01,2027-12-31,144.5
2026-09-02,Villamos,2027. II. negyedév,Zsinór,2027-04-01,2027-06-30,118.0
2026-09-02,Villamos,2028. év,Zsinór,2028-01-01,2028-12-31,113.0
2026-09-02,Villamos,2029. év,Zsinór,2029-01-01,2029-12-31,99.75
2026-09-03,Villamos,2026. október,Zsinór,2026-10-01,2026-10-31,191.0
2026-09-03,Villamos,2026. IV. negyedév,Zsinór,2026-10-01,2026-12-31,194.0
2026-09-03,Villamos,2026. november,Zsinór,2026-11-01,2026-11-30,201.0
2026-09-03,Villamos,2026. december,Zsinór,2026-12-01,2026-12-31,192.5
2026-09-03,Villamos,2027. I. negyedév,Zsinór,2027-01-01,2027-03-31,186.5
2026-09-03,Villamos,2027. év,Zsinór,2027-01-01,2027-12-31,144.0
2026-09-03,Villamos,2027. II. negyedév,Zsinór,2027-04-01,2027-06-30,120.0
2026-09-03,Villamos,2028. év,Zsinór,2028-01-01,2028-12-31,112.7
2026-09-03,Villamos,2029. év,Zsinór,2029-01-01,2029-12-31,100.7
2026-09-04,Villamos,2026. október,Zsinór,2026-10-01,2026-10-31,187.98
2026-09-04,Villamos,2026. IV. negyedév,Zsinór,2026-10-01,2026-12-31,192.86
2026-09-04,Villamos,2026. november,Zsinór,2026-11-01,2026-11-30,201.82
2026-09-04,Villamos,2026. december,Zsinór,2026-12-01,2026-12-31,189.75
2026-09-04,Villamos,2027. I. negyedév,Zsinór,2027-01-01,2027-03-31,185.74
2026-09-04,Villamos,2027. év,Zsinór,2027-01-01,2027-12-31,143.75
2026-09-04,Villamos,2027. II. negyedév,Zsinór,2027-04-01,2027-06-30,117.75
2026-09-04,Villamos,2028. év,Zsinór,2028-01-01,2028-12-31,113.8
2026-09-04,Villamos,2029. év,Zsinór,2029-01-01,2029-12-31,100.5
2026-09-07,Villamos,2026. október,Zsinór,2026-10-01,2026-10-31,190.0
2026-09-07,Villamos,2026. IV. negyedév,Zsinór,2026-10-01,2026-12-31,194.4
2026-09-07,Villamos,2026. november,Zsinór,2026-11-01,2026-11-30,202.1
2026-09-07,Villamos,2026. december,Zsinór,2026-12-01,2026-12-31,193.5
2026-09-07,Villamos,2027. I. negyedév,Zsinór,2027-01-01,2027-03-31,188.65
2026-09-07,Villamos,2027. év,Zsinór,2027-01-01,2027-12-31,147.6
2026-09-07,Villamos,2027. II. negyedév,Zsinór,2027-04-01,2027-06-30,120.8
2026-09-07,Villamos,2028. év,Zsinór,2028-01-01,2028-12-31,114.0
2026-09-07,Villamos,2029. év,Zsinór,2029-01-01,2029-12-31,101.1
2026-09-08,Villamos,2026. október,Zsinór,2026-10-01,2026-10-31,188.2
2026-09-08,Villamos,2026. IV. negyedév,Zsinór,2026-10-01,2026-12-31,195.4
2026-09-08,Villamos,2026. november,Zsinór,2026-11-01,2026-11-30,203.3
2026-09-08,Villamos,2026. december,Zsinór,2026-12-01,2026-12-31,195.7
2026-09-08,Villamos,2027. I. negyedév,Zsinór,2027-01-01,2027-03-31,190.7
2026-09-08,Villamos,2027. év,Zsinór,2027-01-01,2027-12-31,149.2
2026-09-08,Villamos,2027. II. negyedév,Zsinór,2027-04-01,2027-06-30,121.5
2026-09-08,Villamos,2028. év,Zsinór,2028-01-01,2028-12-31,115.8
2026-09-08,Villamos,2029. év,Zsinór,2029-01-01,2029-12-31,102.8
2026-09-09,Villamos,2026. október,Zsinór,2026-10-01,2026-10-31,192.5
2026-09-09,Villamos,2026. IV. negyedév,Zsinór,2026-10-01,2026-12-31,199.5
2026-09-09,Villamos,2026. november,Zsinór,2026-11-01,2026-11-30,207.0
2026-09-09,Villamos,2026. december,Zsinór,2026-12-01,2026-12-31,200.25
2026-09-09,Villamos,2027. I. negyedév,Zsinór,2027-01-01,2027-03-31,196.2
2026-09-09,Villamos,2027. év,Zsinór,2027-01-01,2027-12-31,150.5
2026-09-09,Villamos,2027. II. negyedév,Zsinór,2027-04-01,2027-06-30,125.75
2026-09-09,Villamos,2028. év,Zsinór,2028-01-01,2028-12-31,115.5
2026-09-09,Villamos,2029. év,Zsinór,2029-01-01,2029-12-31,102.0
2026-09-11,Villamos,2026. október,Zsinór,2026-10-01,2026-10-31,197.0
2026-09-11,Villamos,2026. IV. negyedév,Zsinór,2026-10-01,2026-12-31,205.25
2026-09-11,Villamos,2026. november,Zsinór,2026-11-01,2026-11-30,212.5
2026-09-11,Villamos,2026. december,Zsinór,2026-12-01,2026-12-31,206.5
2026-09-11,Villamos,2027. I. negyedév,Zsinór,2027-01-01,2027-03-31,202.75
2026-09-11,Villamos,2027. év,Zsinór,2027-01-01,2027-12-31,156.5
2026-09-11,Villamos,2027. II. negyedév,Zsinór,2027-04-01,2027-06-30,127.25
2026-09-11,Villamos,2028. év,Zsinór,2028-01-01,2028-12-31,117.25
2026-09-11,Villamos,2029. év,Zsinór,2029-01-01,2029-12-31,103.0
2026-09-14,Villamos,2026. október,Zsinór,2026-10-01,2026-10-31,207.0
2026-09-14,Villamos,2026. IV. negyedév,Zsinór,2026-10-01,2026-12-31,213.25
2026-09-14,Villamos,2026. november,Zsinór,2026-11-01,2026-11-30,220.5
2026-09-14,Villamos,2026. december,Zsinór,2026-12-01,2026-12-31,213.5
2026-09-14,Villamos,2027. I. negyedév,Zsinór,2027-01-01,2027-03-31,210.5
2026-09-14,Villamos,2027. év,Zsinór,2027-01-01,2027-12-31,159.5
2026-09-14,Villamos,2027. II. negyedév,Zsinór,2027-04-01,2027-06-30,128.7
2026-09-14,Villamos,2028. év,Zsinór,2028-01-01,2028-12-31,119.0
2026-09-14,Villamos,2029. év,Zsinór,2029-01-01,2029-12-31,104.5
2026-09-15,Villamos,2026. október,Zsinór,2026-10-01,2026-10-31,200.3
2026-09-15,Villamos,2026. IV. negyedév,Zsinór,2026-10-01,2026-12-31,206.6
2026-09-15,Villamos,2026. november,Zsinór,2026-11-01,2026-11-30,212.8
2026-09-15,Villamos,2026. december,Zsinór,2026-12-01,2026-12-31,207.0
2026-09-15,Villamos,2027. I. negyedév,Zsinór,2027-01-01,2027-03-31,203.5
2026-09-15,Villamos,2027. év,Zsinór,2027-01-01,2027-12-31,152.0
2026-09-15,Villamos,2027. II. negyedév,Zsinór,2027-04-01,2027-06-30,122.1
2026-09-15,Villamos,2028. év,Zsinór,2028-01-01,2028-12-31,115.5
2026-09-15,Villamos,2029. év,Zsinór,2029-01-01,2029-12-31,103.5
2026-09-17,Villamos,2026. október,Zsinór,2026-10-01,2026-10-31,202.5
2026-09-17,Villamos,2026. IV. negyedév,Zsinór,2026-10-01,2026-12-31,205.5
2026-09-17,Villamos,2026. november,Zsinór,2026-11-01,2026-11-30,216.75
2026-09-17,Villamos,2026. december,Zsinór,2026-12-01,2026-12-31,206.5
2026-09-17,Villamos,2027. I. negyedév,Zsinór,2027-01-01,2027-03-31,200.5
2026-09-17,Villamos,2027. év,Zsinór,2027-01-01,2027-12-31,151.75
2026-09-17,Villamos,2027. II. negyedév,Zsinór,2027-04-01,2027-06-30,123.0
2026-09-17,Villamos,2028. év,Zsinór,2028-01-01,2028-12-31,115.25
2026-09-17,Villamos,2029. év,Zsinór,2029-01-01,2029-12-31,105.0
2026-09-18,Villamos,2026. október,Zsinór,2026-10-01,2026-10-31,207.0
2026-09-18,Villamos,2026. IV. negyedév,Zsinór,2026-10-01,2026-12-31,208.5
2026-09-18,Villamos,2026. november,Zsinór,2026-11-01,2026-11-30,217.5
2026-09-18,Villamos,2026. december,Zsinór,2026-12-01,2026-12-31,205.0
2026-09-18,Villamos,2027. I. negyedév,Zsinór,2027-01-01,2027-03-31,201.5
2026-09-18,Villamos,2027. év,Zsinór,2027-01-01,2027-12-31,154.0
2026-09-18,Villamos,2027. II. negyedév,Zsinór,2027-04-01,2027-06-30,126.0
2026-09-18,Villamos,2028. év,Zsinór,2028-01-01,2028-12-31,117.0
2026-09-18,Villamos,2029. év,Zsinór,2029-01-01,2029-12-31,104.0
2026-09-21,Villamos,2026. október,Zsinór,2026-10-01,2026-10-31,202.0
2026-09-21,Villamos,2026. IV. negyedév,Zsinór,2026-10-01,2026-12-31,203.0
2026-09-21,Villamos,2026. november,Zsinór,2026-11-01,2026-11-30,209.5
2026-09-21,Villamos,2026. december,Zsinór,2026-12-01,2026-12-31,197.5
2026-09-21,Villamos,2027. I. negyedév,Zsinór,2027-01-01,2027-03-31,198.0
2026-09-21,Villamos,2027. év,Zsinór,2027-01-01,2027-12-31,152.0
2026-09-21,Villamos,2027. II. negyedév,Zsinór,2027-04-01,2027-06-30,123.9
2026-09-21,Villamos,2028. év,Zsinór,2028-01-01,2028-12-31,117.8
2026-09-21,Villamos,2029. év,Zsinór,2029-01-01,2029-12-31,106.5
2026-09-22,Villamos,2026. október,Zsinór,2026-10-01,2026-10-31,196.65
2026-09-22,Villamos,2026. IV. negyedév,Zsinór,2026-10-01,2026-12-31,197.0
2026-09-22,Villamos,2026. november,Zsinór,2026-11-01,2026-11-30,202.5
2026-09-22,Villamos,2026. december,Zsinór,2026-12-01,2026-12-31,191.0
2026-09-22,Villamos,2027. I. negyedév,Zsinór,2027-01-01,2027-03-31,189.3
2026-09-22,Villamos,2027. év,Zsinór,2027-01-01,2027-12-31,149.0
2026-09-22,Villamos,2027. II. negyedév,Zsinór,2027-04-01,2027-06-30,121.9
2026-09-22,Villamos,2028. év,Zsinór,2028-01-01,2028-12-31,117.0
2026-09-22,Villamos,2029. év,Zsinór,2029-01-01,2029-12-31,104.8
2026-09-23,Villamos,2026. október,Zsinór,2026-10-01,2026-10-31,203.0
2026-09-23,Villamos,2026. IV. negyedév,Zsinór,2026-10-01,2026-12-31,202.5
2026-09-23,Villamos,2026. november,Zsinór,2026-11-01,2026-11-30,208.0
2026-09-23,Villamos,2026. december,Zsinór,2026-12-01,2026-12-31,197.8
2026-09-23,Villamos,2027. I. negyedév,Zsinór,2027-01-01,2027-03-31,193.25
2026-09-23,Villamos,2027. év,Zsinór,2027-01-01,2027-12-31,151.0
2026-09-23,Villamos,2027. II. negyedév,Zsinór,2027-04-01,2027-06-30,122.5
2026-09-23,Villamos,2028. év,Zsinór,2028-01-01,2028-12-31,118.15
2026-09-23,Villamos,2029. év,Zsinór,2029-01-01,2029-12-31,104.5
