nap,egyeb_fosszilis_mwh,atom_mwh,foldgaz_mwh,egyeb_megujulo_mwh,szel_mwh,napenergia_mwh,termeles_mwh,fogyasztas_mwh,import_mwh,nap_arany,szel_arany,megujulo_arany,import_arany,orak
2026-05-24,1612.1,33478.4,3971.8,4670.2,583.6,29725.7,74041.8,81981.2,9625.3,36.26,0.71,42.67,11.74,24.0
2026-05-25,2032.1,33642.4,4533.1,4297.6,1371.2,32181.6,78058.1,85179.6,10802.2,37.78,1.61,44.44,12.68,24.0
2026-05-26,3081.6,33615.9,7139.0,3857.3,800.0,36120.8,84614.8,102487.6,19405.3,35.24,0.78,39.79,18.93,24.0
2026-05-27,5099.3,33459.9,12299.8,3805.8,839.7,34913.4,90417.9,110611.8,21209.0,31.56,0.76,35.76,19.17,24.0
2026-05-28,5193.4,33554.8,12770.4,3633.8,2323.8,37247.5,94723.8,103019.8,11879.3,36.16,2.26,41.94,11.53,24.0
2026-05-29,5028.7,33642.7,10037.2,4717.1,221.1,38221.3,91868.1,102629.4,12551.4,37.24,0.22,42.05,12.23,24.0
2026-05-30,4770.7,33622.1,9869.2,4661.4,1241.2,22237.8,76402.5,99763.3,26244.4,22.29,1.24,28.21,26.31,24.0
2026-05-31,4388.6,33650.7,7688.2,4624.5,1114.3,30813.5,82279.9,90814.3,10385.4,33.93,1.23,40.25,11.44,24.0
2026-06-01,5363.8,33670.9,22476.2,4234.5,2747.1,15604.5,84096.9,111639.2,30004.1,13.98,2.46,20.23,26.88,24.0
2026-06-02,5054.8,33628.6,11940.5,4563.1,876.3,35296.6,91359.8,104669.8,14243.3,33.72,0.84,38.92,13.61,24.0
2026-06-03,5107.4,33497.6,4671.9,4642.7,2091.9,22527.3,72538.8,113268.2,42700.8,19.89,1.85,25.83,37.7,24.0
2026-06-04,4757.7,33537.2,4590.9,3744.2,995.6,26040.0,73665.6,109811.0,37590.8,23.71,0.91,28.03,34.23,24.0
2026-06-05,5012.2,34373.6,4905.6,4623.8,1706.8,26751.9,77373.9,109015.5,32401.3,24.54,1.57,30.35,29.72,24.0
2026-06-06,3998.0,41317.1,3844.5,4742.1,279.3,26156.4,80337.3,93761.6,15314.2,27.9,0.3,33.25,16.33,24.0
2026-06-07,3555.8,44318.5,6036.9,3998.9,307.4,26321.7,84539.1,89787.1,6818.9,29.32,0.34,34.11,7.59,24.0
2026-06-08,4612.1,44791.8,12519.7,4909.4,228.9,39771.4,106833.4,103350.1,-2416.1,38.48,0.22,43.45,-2.34,24.0
2026-06-09,4727.3,44628.7,14349.1,4940.5,1351.4,35388.4,105385.4,111006.7,7390.2,31.88,1.22,37.55,6.66,24.0
2026-06-10,4668.9,44658.7,15877.5,4830.2,1652.8,32241.7,103929.8,114499.9,10805.5,28.16,1.44,33.82,9.44,24.0
2026-06-11,4414.7,44670.8,12642.0,4839.9,3715.8,25665.1,95948.3,110711.1,13372.8,23.18,3.36,30.91,12.08,24.0
2026-06-12,4170.6,44802.3,11422.6,4554.2,1870.3,35046.5,101866.6,102577.0,104.0,34.17,1.82,40.43,0.1,24.0
2026-06-13,3738.3,44603.8,4040.1,3926.0,824.5,21011.5,78144.1,97820.6,20301.2,21.48,0.84,26.34,20.75,24.0
2026-06-14,2424.5,45140.6,5841.7,3877.2,1094.1,18312.6,76690.8,96516.0,20845.2,18.97,1.13,24.12,21.6,24.0
2026-06-15,4241.0,45246.7,11695.7,3829.5,1210.5,27989.9,94213.3,101834.2,9052.2,27.49,1.19,32.43,8.89,24.0
2026-06-16,4585.1,45245.8,12454.8,3405.9,1027.0,39822.1,106540.6,101766.6,-2779.2,39.13,1.01,43.49,-2.73,24.0
2026-06-17,4621.9,42984.9,18779.0,3352.8,724.0,31794.0,102256.6,110149.2,10398.6,28.86,0.66,32.57,9.44,24.0
2026-06-18,4733.9,44521.5,21676.4,3806.2,279.8,33799.9,108817.7,112788.4,5949.2,29.97,0.25,33.59,5.27,24.0
2026-06-19,4676.1,44800.6,20630.0,4245.4,167.8,37354.4,111874.2,114447.8,4167.6,32.64,0.15,36.49,3.64,24.0
2026-06-20,4464.2,44631.9,16956.4,4275.1,660.8,28790.2,99778.7,107953.5,10140.4,26.67,0.61,31.24,9.39,24.0
2026-06-21,2532.8,44523.9,16492.8,4277.1,296.6,28487.5,96610.8,105552.6,11120.0,26.99,0.28,31.32,10.54,24.0
2026-06-22,4146.8,44273.8,22379.5,4341.6,1529.7,33959.4,110630.8,120452.0,12437.9,28.19,1.27,33.07,10.33,24.0
2026-06-23,4536.1,44221.8,27022.7,4336.5,1123.5,37120.2,118360.6,122833.1,6504.2,30.22,0.91,34.67,5.3,24.0
2026-06-24,4962.1,44137.2,28917.9,4286.3,752.0,38980.0,122035.5,123238.9,3309.1,31.63,0.61,35.72,2.69,24.0
2026-06-25,4266.9,44144.1,25257.0,4192.6,293.1,40961.2,119115.1,122710.8,6860.1,33.38,0.24,37.04,5.59,24.0
2026-06-26,4339.5,43907.6,25567.2,4161.6,91.6,40070.6,118138.1,125524.2,9781.2,31.92,0.07,35.31,7.79,24.0
2026-06-27,4419.2,41774.4,22473.4,4094.0,206.0,36666.1,109633.1,119874.1,12289.3,30.59,0.17,34.17,10.25,24.0
2026-06-28,4466.5,35034.1,18564.6,4116.1,492.8,32556.2,95230.3,119872.9,27206.1,27.16,0.41,31.0,22.7,24.0
2026-06-29,7716.8,29728.1,29230.7,4153.5,337.5,38171.1,109337.6,137537.5,30126.7,27.75,0.25,31.02,21.9,24.0
2026-06-30,8589.0,29106.7,29983.7,3846.0,793.1,34948.2,107266.6,140642.2,36320.8,24.85,0.56,28.15,25.82,24.0
2026-07-01,8578.5,29115.3,30381.7,3506.7,1595.7,30520.4,103698.5,137203.2,37566.0,22.24,1.16,25.96,27.38,24.0
2026-07-02,7257.6,29129.2,20370.9,3597.3,4253.8,27664.0,92272.8,123526.6,34754.5,22.4,3.44,28.75,28.14,24.0
2026-07-03,4857.8,31147.3,17282.2,4341.1,2754.3,34926.6,95309.2,118692.2,25822.2,29.43,2.32,35.4,21.76,24.0
2026-07-04,4387.9,38177.9,3849.0,4398.5,1334.6,32255.7,84403.6,98366.2,15763.2,32.79,1.36,38.62,16.03,24.0
2026-07-05,3715.9,43549.7,6039.6,4214.5,855.8,22376.7,80752.2,97809.7,18541.5,22.88,0.87,28.06,18.96,24.0
2026-07-06,4408.7,44276.0,11364.4,3868.1,1318.5,28504.7,93740.3,110975.2,18887.6,25.69,1.19,30.36,17.02,24.0
2026-07-07,4944.5,44246.2,11774.0,3831.9,2050.3,25739.7,92586.6,117422.3,27840.3,21.92,1.75,26.93,23.71,24.0
2026-07-08,5066.2,44403.0,7416.5,3946.0,3121.6,21994.2,85947.4,118168.8,34584.4,18.61,2.64,24.59,29.27,24.0
2026-07-09,5185.0,44530.0,10762.8,3909.8,2373.1,30646.6,97407.2,109044.9,12990.3,28.1,2.18,33.87,11.91,24.0
2026-07-10,5056.4,44509.9,10544.6,3492.1,203.3,33248.8,97055.1,108758.9,13670.0,30.57,0.19,33.97,12.57,24.0
2026-07-11,4538.4,44372.9,9227.9,3382.5,434.1,29889.8,91845.6,99774.6,10050.1,29.96,0.44,33.78,10.07,24.0
2026-07-12,3725.9,44413.1,4138.5,3706.8,932.2,22462.1,79378.6,97706.5,20219.1,22.99,0.95,27.74,20.69,24.0
2026-07-13,4369.1,44012.9,4234.7,3943.1,1274.5,32411.0,90245.4,107908.6,20507.2,30.04,1.18,34.87,19.0,24.0
2026-07-14,4980.1,44159.4,8916.4,3952.5,192.4,35765.8,97966.7,116044.6,19765.0,30.82,0.17,34.39,17.03,24.0
2026-07-15,4930.4,43923.1,18528.1,4021.8,212.7,25543.3,97159.4,122766.7,27528.2,20.81,0.17,24.26,22.42,24.0
2026-07-16,5396.4,43784.6,19178.2,3881.9,116.0,30293.4,102650.4,123893.4,24313.6,24.45,0.09,27.68,19.62,24.0
2026-07-17,5121.6,43616.8,18517.8,3806.3,715.6,36016.5,107794.7,124676.9,19485.2,28.89,0.57,32.51,15.63,24.0
2026-07-18,4466.1,42233.0,5264.6,3578.1,936.3,31657.4,88135.6,112661.9,27138.6,28.1,0.83,32.11,24.09,24.0
2026-07-19,3700.3,41090.2,3622.3,3547.7,1288.9,22961.3,76210.6,105467.5,31187.2,21.77,1.22,26.36,29.57,24.0
2026-07-20,4490.1,43845.0,6044.6,2994.1,504.7,37167.1,95045.6,105668.9,12049.4,35.17,0.48,38.48,11.4,24.0
2026-07-21,5068.2,43982.4,9611.8,2537.8,1048.7,32504.3,94753.2,109716.9,16426.1,29.63,0.96,32.89,14.97,24.0
2026-07-22,4996.5,44201.5,3734.0,3713.5,1483.8,30736.7,88866.1,106468.9,19567.2,28.87,1.39,33.75,18.38,24.0
2026-07-23,5076.6,44402.1,4046.1,3741.9,1713.6,22369.0,81349.2,107854.2,28248.6,20.74,1.59,25.8,26.19,24.0
2026-07-24,5103.0,44503.5,3642.7,3562.8,2704.9,28647.3,88164.2,101236.8,14742.9,28.3,2.67,34.49,14.56,24.0
2026-07-25,4299.3,43970.9,3357.9,3375.6,715.4,29105.4,84824.4,89410.6,6538.7,32.55,0.8,37.13,7.31,24.0
2026-07-26,3588.4,44458.7,3147.8,3294.8,1356.7,29978.4,85824.7,88178.9,5640.6,34.0,1.54,39.27,6.4,24.0
2026-07-27,4218.7,44014.1,3023.5,3541.1,2499.6,26105.4,83402.3,106611.9,26379.8,24.49,2.34,30.15,24.74,24.0
2026-07-28,4873.6,37849.7,3697.5,2999.6,549.3,34109.4,84079.1,105205.4,23687.2,32.42,0.52,35.8,22.52,24.0
2026-07-29,5037.4,30751.7,5970.4,2522.0,899.2,37944.1,83124.8,109934.1,28987.9,34.52,0.82,37.63,26.37,24.0
2026-07-30,4913.8,23055.5,8838.2,2600.7,1129.2,38384.9,78922.3,115388.1,38370.8,33.27,0.98,36.5,33.25,24.0
2026-07-31,4949.7,20939.3,8413.7,2005.6,784.2,38080.5,75173.0,119796.4,47179.6,31.79,0.65,34.12,39.38,24.0
2026-08-01,4999.3,11105.8,10390.1,2952.3,405.9,36074.9,65928.2,110024.6,47351.7,32.79,0.37,35.84,43.04,24.0
2026-08-02,4573.4,4605.0,15980.0,3762.3,713.9,30598.7,60233.3,106876.3,49710.1,28.63,0.67,32.82,46.51,24.0
2026-08-03,7671.0,4172.0,22604.0,3883.5,549.3,34681.3,73561.1,122205.1,50761.2,28.38,0.45,32.01,41.54,24.0
2026-08-04,9175.8,4116.1,23887.1,3423.9,759.1,36795.3,78157.3,126145.8,49735.8,29.17,0.6,32.48,39.43,24.0
2026-08-05,9254.8,4092.5,21922.5,4315.9,662.4,37004.5,77252.6,127844.5,52761.5,28.94,0.52,32.84,41.27,24.0
2026-08-06,9889.6,4091.3,23937.1,4474.6,757.3,35428.1,78578.0,129561.1,53097.1,27.34,0.58,31.38,40.98,24.0
2026-08-07,9378.9,4081.1,16989.6,3666.4,3147.6,29409.2,66672.8,126419.2,62133.6,23.26,2.49,28.65,49.15,24.0
2026-08-08,5791.3,4058.5,9245.0,2930.2,921.7,32253.6,55200.2,105806.5,52882.9,30.48,0.87,34.12,49.98,24.0
2026-08-09,6336.4,4065.0,9335.3,2976.9,419.9,32210.4,55344.0,96166.4,42751.4,33.49,0.44,37.03,44.46,24.0
2026-08-10,8772.5,5060.2,13711.8,3054.9,897.6,37919.0,69415.9,111509.5,44306.3,34.01,0.8,37.55,39.73,24.0
2026-08-11,9089.7,9824.9,16871.1,3347.1,1738.8,33924.9,74796.5,121514.1,48428.0,27.92,1.43,32.1,39.85,24.0
2026-08-12,9144.8,9892.2,15732.1,3316.5,1292.5,38771.1,78149.1,108022.1,32279.1,35.89,1.2,40.16,29.88,24.0
2026-08-13,9628.0,9936.9,14804.9,4108.3,332.1,39544.6,78354.8,106291.0,30434.0,37.2,0.31,41.38,28.63,24.0
2026-08-14,9327.3,10036.2,16445.0,4756.5,213.3,38816.4,79594.8,105656.6,28141.1,36.74,0.2,41.44,26.63,24.0
2026-08-15,6467.5,10064.8,7056.4,5342.9,714.6,36447.7,66093.8,98700.4,34443.2,36.93,0.72,43.06,34.9,24.0
2026-08-16,6408.7,10074.3,7323.5,4422.5,1499.9,36886.8,66615.8,97157.2,32395.4,37.97,1.54,44.06,33.34,24.0
2026-08-17,7695.8,10068.2,21490.8,5448.8,1224.9,19287.2,65215.7,113680.5,50165.6,16.97,1.08,22.84,44.13,24.0
2026-08-18,7359.2,10138.5,21159.0,5440.2,1563.6,26952.9,72613.4,103973.0,33409.5,25.92,1.5,32.66,32.13,24.0
2026-08-19,7539.6,10144.8,20242.3,5326.2,1032.0,27282.4,71567.3,106456.5,35992.5,25.63,0.97,31.6,33.81,24.0
2026-08-20,7306.7,10131.8,17138.5,5308.0,1501.9,35369.6,76756.5,96853.2,21555.7,36.52,1.55,43.55,22.26,24.0
2026-08-21,6702.3,10087.4,20750.4,5272.8,1550.3,26122.0,70485.2,103908.6,34074.9,25.14,1.49,31.71,32.79,24.0
2026-08-22,6437.6,9697.4,5904.4,4931.9,2289.1,26764.1,56024.5,93853.2,39451.2,28.52,2.44,36.21,42.03,24.0
2026-08-23,6327.9,19866.8,3117.0,4868.9,502.6,30765.3,65448.4,90406.1,27090.3,34.03,0.56,39.97,29.97,24.0
2026-08-24,7000.8,31298.5,5831.4,5238.1,219.8,34446.1,84034.8,104849.9,22434.3,32.85,0.21,38.06,21.4,24.0
2026-08-25,8116.2,39177.8,9433.7,5245.9,1396.9,24229.0,87599.5,116621.6,30456.1,20.78,1.2,26.47,26.12,24.0
2026-08-26,8063.5,42317.3,10621.2,4948.5,320.5,25781.1,92052.3,116165.0,25726.6,22.19,0.28,26.73,22.15,24.0
2026-08-27,7908.2,44137.8,10356.5,4368.5,1191.1,28816.4,96778.4,116417.6,21963.4,24.75,1.02,29.53,18.87,24.0
2026-08-28,7622.2,44195.6,3590.6,4254.9,2969.3,33854.3,96487.0,115420.5,20660.9,29.33,2.57,35.59,17.9,24.0
2026-08-29,7272.3,44250.2,2553.3,4357.1,1696.3,22562.3,82691.5,108951.9,28442.4,20.71,1.56,26.26,26.11,24.0
2026-08-30,6729.9,43900.6,3021.0,4570.4,76.8,28230.2,86528.7,100614.6,15119.5,28.06,0.08,32.68,15.03,24.0
2026-08-31,7371.7,44116.8,6954.0,5105.2,1364.2,32280.2,97192.1,118571.4,23216.9,27.22,1.15,32.68,19.58,24.0
2026-09-01,7519.1,44217.7,9437.8,5170.7,1570.6,31852.2,99768.2,115591.5,18196.5,27.56,1.36,33.39,15.74,24.0
2026-09-02,7414.1,44259.1,5200.2,5275.8,71.3,29071.1,91291.5,115015.8,24604.5,25.28,0.06,29.92,21.39,24.0
2026-09-03,7386.5,44287.1,5047.6,4321.3,1113.3,26894.5,89050.4,116246.8,28916.5,23.14,0.96,27.81,24.88,24.0
2026-09-04,7256.3,44315.2,11007.2,4264.0,1954.6,26964.0,95761.3,116319.9,22334.1,23.18,1.68,28.53,19.2,24.0
2026-09-05,6448.3,44472.5,3593.7,4085.8,2820.4,18617.2,80037.9,107027.4,28545.7,17.39,2.64,23.85,26.67,24.0
2026-09-06,5616.8,44352.6,3144.1,3424.2,1086.4,28098.9,85723.0,92638.0,8397.1,30.33,1.17,35.2,9.06,24.0
2026-09-07,6746.8,44648.5,6336.2,4781.2,795.2,33812.3,97120.2,105765.7,10365.0,31.97,0.75,37.24,9.8,24.0
2026-09-08,7016.7,44621.8,11145.7,5127.9,1423.1,31941.2,101276.4,113758.9,13940.5,28.08,1.25,33.84,12.25,24.0
2026-09-09,6974.6,44630.8,10754.2,5092.1,2285.4,32680.0,102417.2,116055.6,14964.1,28.16,1.97,34.52,12.89,24.0
2026-09-10,7248.0,44652.5,14533.9,5438.6,1789.8,17504.6,91167.4,118984.3,29080.5,14.71,1.5,20.79,24.44,24.0
2026-09-11,7711.5,44863.0,14007.9,5563.0,1310.1,7227.5,80683.0,120945.9,40577.3,5.98,1.08,11.66,33.55,24.0
2026-09-12,7034.1,45055.5,4650.1,5227.5,964.2,19428.0,82359.6,98605.2,17567.6,19.7,0.98,25.98,17.82,24.0
2026-09-13,6086.7,44987.5,5188.1,5412.2,147.9,26182.6,88004.9,93930.8,7795.1,27.87,0.16,33.79,8.3,24.0
2026-09-14,7915.1,44945.3,15004.5,5541.4,1128.1,13999.2,88533.6,114739.4,26242.2,12.2,0.98,18.01,22.87,24.0
2026-09-15,7607.3,44934.2,12414.2,5486.0,355.5,28852.7,99649.9,110545.8,12033.5,26.1,0.32,31.38,10.89,24.0
2026-09-16,7462.5,44684.4,5227.9,5225.7,1345.8,31467.8,95414.1,110187.3,16007.5,28.56,1.22,34.52,14.53,24.0
2026-09-17,7273.0,44495.9,5605.1,5299.9,1433.0,23131.3,87238.2,115004.6,29036.9,20.11,1.25,25.97,25.25,24.0
2026-09-18,7404.5,33731.9,5344.9,4589.9,145.8,28246.9,79463.9,109585.8,31827.7,25.78,0.13,30.1,29.04,24.0
2026-09-19,7077.6,33772.7,4800.1,3857.3,148.8,27203.2,76859.8,98912.7,23258.3,27.5,0.15,31.55,23.51,24.0
2026-09-20,6503.0,31415.6,4342.5,4101.7,358.1,25498.6,72219.5,93740.1,22392.3,27.2,0.38,31.96,23.89,24.0
2026-09-21,7224.2,32202.5,6339.7,4817.9,4316.8,26618.9,81520.0,105507.9,23932.2,25.23,4.09,33.89,22.68,24.0
2026-09-22,8344.4,34108.9,9775.7,5103.3,3603.6,20915.5,81851.4,112123.5,30713.1,18.65,3.21,26.42,27.39,24.0
2026-09-23,8026.6,34220.5,10286.5,5132.4,1780.0,24237.9,83683.9,111801.6,28945.7,21.68,1.59,27.86,25.89,24.0
2026-09-24,7555.9,34262.2,16490.0,4490.0,857.9,15885.1,79541.2,119354.8,40119.7,13.31,0.72,17.79,33.61,24.0
2026-09-25,7561.7,33970.0,14410.4,4611.5,1257.4,20085.1,81896.1,113147.5,31336.4,17.75,1.11,22.94,27.7,23.75
