nap,zsinor,csucs,csucson_kivul,min_ar,min_ido,max_ar,max_ido,idoszakok
2026-09-09,160.64,123.81,197.48,9.01,11:00,294.82,19:45,96
2026-09-10,203.34,190.92,215.76,98.95,11:45,530.36,19:45,96
2026-09-11,208.98,204.53,213.43,164.51,10:45,319.33,19:45,96
2026-09-12,153.09,107.09,199.09,0.64,13:00,253.22,17:45,96
2026-09-14,250.97,256.15,245.78,152.0,16:00,660.34,19:45,96
2026-09-15,189.96,164.85,215.08,43.21,11:45,332.99,19:30,96
2026-09-16,168.02,132.76,203.28,0.0,10:00,321.32,19:15,96
2026-09-17,177.76,149.46,206.06,59.03,13:45,290.15,19:45,96
2026-09-18,180.25,130.38,230.12,15.57,15:00,272.87,19:30,96
2026-09-19,165.27,89.73,240.81,1.01,13:15,267.33,22:00,96
2026-09-20,142.33,66.71,217.95,-0.44,13:30,269.29,20:45,96
2026-09-21,188.74,132.69,244.78,18.15,11:45,305.92,18:00,96
2026-09-22,233.9,219.11,248.7,116.51,13:45,574.32,19:15,96
2026-09-23,198.98,166.49,231.47,54.88,13:45,338.02,07:00,96
2026-09-24,239.27,223.19,255.35,146.89,14:00,469.45,18:30,96
2026-09-25,219.62,197.92,241.32,125.02,12:15,306.82,19:30,96
2026-09-26,161.22,114.61,207.82,0.7,13:30,251.08,19:45,96
2026-09-27,113.93,56.8,171.07,-3.08,12:45,213.23,19:45,96
2026-09-28,161.19,128.81,193.56,4.19,11:00,390.6,18:45,96
2026-09-29,170.11,146.07,194.15,60.01,13:45,257.03,19:30,96
2026-09-30,145.63,106.74,184.51,7.99,12:45,258.67,19:45,96
2026-10-01,163.72,127.35,200.09,0.0,11:00,314.78,19:30,96
2026-10-02,171.27,141.84,200.71,11.0,10:45,323.11,19:15,96
2026-10-03,153.85,115.73,191.98,10.64,12:45,258.45,20:30,96
2026-10-04,160.88,117.23,204.53,12.61,13:15,252.02,18:15,96
2026-10-05,232.76,199.11,266.41,51.32,12:45,452.36,17:45,96
2026-10-06,224.81,202.43,247.19,93.47,12:15,406.0,18:45,96
2026-10-07,210.81,188.51,233.12,101.92,11:45,300.0,20:15,96
2026-10-08,214.27,190.22,238.32,134.22,11:45,277.94,07:00,96
2026-10-09,269.43,255.14,283.72,155.96,12:30,475.48,19:45,96
2026-10-11,186.07,146.47,225.66,15.25,13:30,254.14,16:45,96
